application_id,customer_id,customer_name,customer_segment,channel,region,loan_amount,tenure_months,submission_date,document_status,document_resubmission_count,kyc_aml_status,credit_score,credit_assessment_result,loan_officer,approver,final_decision,decision_date,tat_days,disbursement_date,application_status,Column1
LN-100001,CUST-20000,Vihaan Agarwal,Salaried,Online,Nashik,1424000,24,26-01-2026,Complete,1,Pending,595,Not Completed,Kavya Reddy,,Abandoned,,,,Abandoned,
LN-100002,CUST-20001,Priya Agarwal,Self-Employed,Online,Chennai,955000,24,26-01-2026,Complete,1,Passed,623,Review Required,Amit Verma,Rajeev Malhotra,Returned for Review,02-02-2026,7,,Returned for Review,
LN-100003,CUST-20002,Neha Agarwal,Salaried,Branch,Mumbai,1138000,12,26-06-2026,Complete,2,Passed,871,Approved,Kavya Reddy,Rajeev Malhotra,Approved,07-07-2026,11.2,09-07-2026,Disbursed,
LN-100004,CUST-20003,Sandeep Kulkarni,Salaried,Online,Chennai,1430000,12,18-03-2026,Complete,0,Passed,646,Approved,Sneha Kulkarni,Rajeev Malhotra,Approved,27-03-2026,9.9,30-03-2026,Disbursed,
LN-100005,CUST-20004,Manish Iyer,Self-Employed,Online,Chennai,1060000,36,13-01-2026,Complete,1,Passed,819,Approved,Priya Nair,Sameer Joshi,Approved,21-01-2026,8.1,23-01-2026,Disbursed,
LN-100006,CUST-20005,Karan Sharma,Salaried,Branch,Pune,876000,60,21-07-2026,Complete,0,Passed,609,Rejected,Kavya Reddy,Sameer Joshi,Rejected,28-07-2026,7.8,,Rejected,
LN-100007,CUST-20006,Divya Kulkarni,Salaried,Online,Pune,417000,24,10-01-2026,Incomplete - Pending,0,Pending,669,Not Completed,Kavya Reddy,,Abandoned,,,,Abandoned,
LN-100008,CUST-20007,Rajesh Iyer,Salaried,Branch,Delhi,1399000,48,25-05-2026,Complete,0,Passed,584,Approved,Sneha Kulkarni,Sameer Joshi,Returned for Review,31-05-2026,6.3,,Returned for Review,
LN-100009,CUST-20008,Neha Singh,Salaried,Branch,Chennai,250000,12,18-04-2026,Complete,0,Passed,767,Rejected,Nikhil Shah,Sameer Joshi,Rejected,25-04-2026,7.3,,Rejected,
LN-100010,CUST-20009,Priya Iyer,Salaried,Online,Chennai,366000,36,26-01-2026,Incomplete - Pending,0,Pending,618,Not Completed,Amit Verma,,Abandoned,,,,Abandoned,
LN-100011,CUST-20010,Suresh Patel,Self-Employed,Branch,Pune,1857000,60,19-05-2026,Complete,0,Passed,589,Approved,Amit Verma,Arvind Sethi,Approved,29-05-2026,10.2,31-05-2026,Disbursed,
LN-100012,CUST-20011,Swati Gupta,Salaried,Branch,Bengaluru,1912000,24,11-05-2026,Complete,0,Passed,651,Approved,Amit Verma,Arvind Sethi,Approved,19-05-2026,8.7,22-05-2026,Disbursed,
LN-100013,CUST-20012,Rohan Kulkarni,Self-Employed,Online,Pune,304000,48,05-08-2026,Complete,0,Passed,605,Approved,Rohan Deshmukh,Sameer Joshi,Returned for Review,16-08-2026,11.9,,Returned for Review,
LN-100014,CUST-20013,Nikhil Singh,Salaried,Branch,Ahmedabad,1878000,12,12-02-2026,Complete,2,Passed,663,Rejected,Rohan Deshmukh,Arvind Sethi,Rejected,21-02-2026,9.7,,Rejected,
LN-100015,CUST-20014,Arjun Reddy,Salaried,Online,Pune,1357000,36,01-04-2026,Complete,0,Passed,734,Rejected,Kavya Reddy,Rajeev Malhotra,Rejected,15-04-2026,14.5,,Rejected,
LN-100016,CUST-20015,Meera Gupta,Salaried,Online,Chennai,1761000,12,19-02-2026,Complete,2,Passed,628,Approved,Nikhil Shah,Rajeev Malhotra,Approved,01-03-2026,10.3,04-03-2026,Disbursed,
LN-100017,CUST-20016,Arjun Singh,Self-Employed,Online,Bengaluru,892000,12,24-07-2026,Incomplete - Pending,1,Pending,773,Not Completed,Kavya Reddy,,Abandoned,,,,Abandoned,
LN-100018,CUST-20017,Rahul Kulkarni,Business Owner,Branch,Ahmedabad,1857000,36,10-01-2026,Incomplete - Pending,0,Passed,719,Not Completed,Priya Nair,,Abandoned,,,,Abandoned,
LN-100019,CUST-20018,Nikhil Gupta,Self-Employed,Online,Ahmedabad,1305000,48,20-07-2026,Complete,1,Passed,796,Approved,Priya Nair,Rajeev Malhotra,Approved,28-07-2026,8.7,30-07-2026,Disbursed,
LN-100020,CUST-20019,Arjun Rao,Salaried,Online,Ahmedabad,1748000,24,20-04-2026,Complete,1,Passed,870,Approved,Rohan Deshmukh,Sameer Joshi,Approved,25-04-2026,5.5,26-04-2026,Disbursed,
LN-100021,CUST-20020,Saanvi Bhatt,Business Owner,Branch,Mumbai,396000,24,18-05-2026,Incomplete - Pending,0,Pending,590,Not Completed,Priya Nair,,Abandoned,,,,Abandoned,
LN-100022,CUST-20021,Rahul Kulkarni,Salaried,Branch,Ahmedabad,1058000,48,27-07-2026,Complete,0,Passed,642,Approved,Amit Verma,Sameer Joshi,Approved,10-08-2026,14.2,13-08-2026,Disbursed,
LN-100023,CUST-20022,Rahul Malhotra,Self-Employed,Branch,Nashik,867000,60,13-06-2026,Complete,2,Passed,774,Approved,Priya Nair,Rajeev Malhotra,Approved,23-06-2026,10,24-06-2026,Disbursed,
LN-100024,CUST-20023,Saanvi Reddy,Business Owner,Online,Hyderabad,831000,48,02-06-2026,Complete,0,Passed,723,Approved,Priya Nair,Sameer Joshi,Approved,06-06-2026,4.3,07-06-2026,Disbursed,
LN-100025,CUST-20024,Suresh Kumar,Business Owner,Online,Pune,1722000,36,02-07-2026,Complete,1,Passed,735,Approved,Rohan Deshmukh,Sameer Joshi,Approved,10-07-2026,8.3,13-07-2026,Disbursed,
LN-100026,CUST-20025,Vikram Kulkarni,Business Owner,Branch,Ahmedabad,1267000,48,27-01-2026,Incomplete - Pending,2,Passed,845,Not Completed,Amit Verma,,Abandoned,,,,Abandoned,
LN-100027,CUST-20026,Vihaan Nair,Self-Employed,Online,Hyderabad,271000,24,21-06-2026,Incomplete - Pending,0,Pending,646,Not Completed,Amit Verma,,Abandoned,,,,Abandoned,
LN-100028,CUST-20027,Suresh Reddy,Self-Employed,Online,Bengaluru,1035000,24,24-05-2026,Complete,0,Pending,652,Not Completed,Nikhil Shah,,Abandoned,,,,Abandoned,
LN-100029,CUST-20028,Arjun Kumar,Salaried,Online,Chennai,1652000,48,01-06-2026,Incomplete - Pending,0,Passed,630,Not Completed,Rohan Deshmukh,,Abandoned,,,,Abandoned,
LN-100030,CUST-20029,Deepak Rao,Self-Employed,Online,Ahmedabad,1878000,24,05-07-2026,Complete,2,Failed,767,Not Completed,Priya Nair,Arvind Sethi,Rejected,16-07-2026,11,,Rejected,
LN-100031,CUST-20030,Ananya Malhotra,Self-Employed,Branch,Delhi,1217000,12,13-06-2026,Complete,1,Passed,708,Approved,Priya Nair,Arvind Sethi,Approved,19-06-2026,6.7,21-06-2026,Disbursed,
LN-100032,CUST-20031,Arjun Rao,Business Owner,Branch,Ahmedabad,1578000,60,15-01-2026,Complete,0,Passed,711,Approved,Priya Nair,Rajeev Malhotra,Approved,21-01-2026,6.9,,Approved - Pending Disbursement,
LN-100033,CUST-20032,Diya Kulkarni,Salaried,Branch,Mumbai,198000,60,25-05-2026,Complete,1,Passed,596,Not Completed,Nikhil Shah,,Abandoned,,,,Abandoned,
LN-100034,CUST-20033,Rohan Chauhan,Self-Employed,Branch,Chennai,966000,24,31-01-2026,Complete,1,Passed,692,Rejected,Priya Nair,Sameer Joshi,Rejected,07-02-2026,7.3,,Rejected,
LN-100035,CUST-20034,Krishna Sharma,Self-Employed,Online,Pune,1523000,48,03-05-2026,Complete,0,Passed,616,Approved,Priya Nair,Arvind Sethi,Approved,15-05-2026,12.2,18-05-2026,Disbursed,
LN-100036,CUST-20035,Amit Agarwal,Self-Employed,Online,Delhi,375000,24,12-08-2026,Complete,1,Failed,672,Not Completed,Sneha Kulkarni,Arvind Sethi,Rejected,22-08-2026,10.4,,Rejected,
LN-100037,CUST-20036,Ira Reddy,Salaried,Online,Mumbai,326000,60,05-02-2026,Complete,0,Passed,712,Approved,Priya Nair,Sameer Joshi,Approved,15-02-2026,10.2,17-02-2026,Disbursed,
LN-100038,CUST-20037,Saanvi Bhatt,Salaried,Online,Nashik,381000,24,27-01-2026,Complete,1,Passed,727,Rejected,Amit Verma,Arvind Sethi,Rejected,07-02-2026,11.2,,Rejected,
LN-100039,CUST-20038,Amit Gupta,Self-Employed,Branch,Delhi,1927000,36,11-07-2026,Complete,2,Passed,707,Approved,Kavya Reddy,Arvind Sethi,Approved,17-07-2026,6.7,19-07-2026,Disbursed,
LN-100040,CUST-20039,Aditya Verma,Self-Employed,Branch,Nashik,633000,36,23-03-2026,Incomplete - Pending,1,Passed,675,Not Completed,Kavya Reddy,,Abandoned,,,,Abandoned,
LN-100041,CUST-20040,Saanvi Shah,Self-Employed,Branch,Mumbai,1065000,24,01-05-2026,Complete,1,Passed,893,Approved,Nikhil Shah,Arvind Sethi,Approved,05-05-2026,4.2,06-05-2026,Disbursed,
LN-100042,CUST-20041,Priya Reddy,Salaried,Branch,Delhi,1688000,60,22-08-2026,Incomplete - Pending,2,Pending,622,Not Completed,Rohan Deshmukh,,Abandoned,,,,Abandoned,
LN-100043,CUST-20042,Sneha Chauhan,Salaried,Online,Hyderabad,1845000,12,17-03-2026,Complete,0,Passed,664,Approved,Rohan Deshmukh,Sameer Joshi,Approved,24-03-2026,7.5,25-03-2026,Disbursed,
LN-100044,CUST-20043,Sneha Chauhan,Self-Employed,Online,Delhi,1373000,48,30-06-2026,Complete,0,Passed,716,Rejected,Kavya Reddy,Arvind Sethi,Rejected,11-07-2026,11,,Rejected,
LN-100045,CUST-20044,Suresh Malhotra,Salaried,Online,Pune,1215000,12,21-07-2026,Incomplete - Pending,0,Passed,600,Not Completed,Amit Verma,,Abandoned,,,,Abandoned,
LN-100046,CUST-20045,Navya Rao,Salaried,Branch,Mumbai,592000,12,26-05-2026,Complete,0,Passed,743,Approved,Nikhil Shah,Rajeev Malhotra,Approved,05-06-2026,10,08-06-2026,Disbursed,
LN-100047,CUST-20046,Meera Iyer,Self-Employed,Online,Bengaluru,1469000,24,16-08-2026,Complete,0,Passed,676,Approved,Sneha Kulkarni,Rajeev Malhotra,Returned for Review,22-08-2026,6.5,,Returned for Review,
LN-100048,CUST-20047,Arjun Pillai,Salaried,Online,Ahmedabad,1524000,48,26-03-2026,Complete,1,Failed,567,Not Completed,Rohan Deshmukh,Sameer Joshi,Rejected,05-04-2026,10,,Rejected,
LN-100049,CUST-20048,Aadhya Pillai,Salaried,Online,Chennai,261000,24,13-05-2026,Incomplete - Pending,1,Pending,649,Not Completed,Rohan Deshmukh,,Abandoned,,,,Abandoned,
LN-100050,CUST-20049,Ritu Bhatt,Self-Employed,Online,Chennai,115000,60,25-06-2026,Complete,0,Passed,757,Approved,Kavya Reddy,Sameer Joshi,Approved,02-07-2026,7.8,05-07-2026,Disbursed,
LN-100051,CUST-20050,Priya Nair,Business Owner,Online,Pune,551000,36,21-07-2026,Complete,0,Passed,828,Rejected,Kavya Reddy,Rajeev Malhotra,Rejected,29-07-2026,8.3,,Rejected,
LN-100052,CUST-20051,Kavita Gupta,Salaried,Branch,Delhi,1463000,36,11-07-2026,Incomplete - Pending,0,Passed,864,Not Completed,Amit Verma,,Abandoned,,,,Abandoned,
LN-100053,CUST-20052,Diya Shah,Salaried,Online,Bengaluru,517000,36,25-03-2026,Incomplete - Pending,0,Pending,833,Not Completed,Priya Nair,,Abandoned,,,,Abandoned,
LN-100054,CUST-20053,Meera Joshi,Salaried,Online,Ahmedabad,1528000,36,10-05-2026,Complete,0,Passed,672,Rejected,Sneha Kulkarni,Rajeev Malhotra,Rejected,17-05-2026,7.5,,Rejected,
LN-100055,CUST-20054,Ishaan Mehta,Self-Employed,Branch,Hyderabad,558000,24,20-03-2026,Complete,0,Passed,727,Approved,Sneha Kulkarni,Rajeev Malhotra,Approved,28-03-2026,8.7,,Approved - Pending Disbursement,
LN-100056,CUST-20055,Manish Singh,Business Owner,Online,Hyderabad,993000,12,13-02-2026,Complete,1,Passed,819,Approved,Amit Verma,Rajeev Malhotra,Returned for Review,21-02-2026,8.4,,Returned for Review,
LN-100057,CUST-20056,Arjun Singh,Salaried,Branch,Nashik,1970000,36,07-03-2026,Incomplete - Pending,0,Pending,789,Not Completed,Amit Verma,,Abandoned,,,,Abandoned,
LN-100058,CUST-20057,Kavya Kumar,Salaried,Branch,Mumbai,891000,12,05-01-2026,Complete,0,Passed,756,Approved,Sneha Kulkarni,Rajeev Malhotra,Approved,09-01-2026,4.2,11-01-2026,Disbursed,
LN-100059,CUST-20058,Ananya Kumar,Salaried,Online,Pune,1740000,48,23-03-2026,Incomplete - Pending,2,Passed,722,Not Completed,Rohan Deshmukh,,Abandoned,,,,Abandoned,
LN-100060,CUST-20059,Karan Sharma,Salaried,Online,Nashik,117000,60,17-02-2026,Complete,0,Passed,764,Rejected,Priya Nair,Sameer Joshi,Rejected,22-02-2026,5.9,,Rejected,
LN-100061,CUST-20060,Navya Sharma,Business Owner,Online,Delhi,409000,60,03-07-2026,Complete,2,Passed,628,Approved,Rohan Deshmukh,Sameer Joshi,Approved,17-07-2026,14.9,19-07-2026,Disbursed,
LN-100062,CUST-20061,Neha Patel,Salaried,Online,Bengaluru,1307000,24,15-07-2026,Incomplete - Pending,0,Passed,727,Not Completed,Priya Nair,,Abandoned,,,,Abandoned,
LN-100063,CUST-20062,Saanvi Shah,Salaried,Online,Mumbai,1228000,24,03-02-2026,Complete,0,Failed,716,Not Completed,Kavya Reddy,Rajeev Malhotra,Rejected,12-02-2026,9,,Rejected,
LN-100064,CUST-20063,Ritu Sharma,Business Owner,Online,Delhi,341000,36,01-08-2026,Complete,0,Passed,703,Approved,Sneha Kulkarni,Arvind Sethi,Approved,06-08-2026,5.2,07-08-2026,Disbursed,
LN-100065,CUST-20064,Aarav Verma,Salaried,Online,Bengaluru,1694000,24,28-05-2026,Complete,0,Passed,613,Rejected,Amit Verma,Rajeev Malhotra,Rejected,09-06-2026,12.7,,Rejected,
LN-100066,CUST-20065,Divya Patel,Salaried,Branch,Delhi,166000,48,29-03-2026,Complete,0,Passed,659,Approved,Amit Verma,Sameer Joshi,Returned for Review,08-04-2026,10,,Returned for Review,
LN-100067,CUST-20066,Krishna Kulkarni,Business Owner,Online,Mumbai,563000,24,25-03-2026,Complete,1,Passed,551,Rejected,Sneha Kulkarni,Arvind Sethi,Rejected,07-04-2026,13.1,,Rejected,
LN-100068,CUST-20067,Neha Bhatt,Salaried,Online,Bengaluru,1429000,60,23-07-2026,Complete,0,Passed,673,Approved,Kavya Reddy,Rajeev Malhotra,Approved,07-08-2026,15.3,10-08-2026,Disbursed,
LN-100069,CUST-20068,Nikhil Joshi,Self-Employed,Online,Delhi,877000,12,24-05-2026,Complete,0,Passed,671,Approved,Amit Verma,Arvind Sethi,Approved,02-06-2026,9.2,03-06-2026,Disbursed,
LN-100070,CUST-20069,Shalini Shah,Salaried,Online,Mumbai,1209000,60,25-03-2026,Complete,0,Passed,766,Approved,Rohan Deshmukh,Sameer Joshi,Approved,03-04-2026,9.1,06-04-2026,Disbursed,
LN-100071,CUST-20070,Manish Iyer,Salaried,Branch,Mumbai,660000,24,01-07-2026,Complete,2,Failed,697,Not Completed,Kavya Reddy,Rajeev Malhotra,Rejected,06-07-2026,5.7,,Rejected,
LN-100072,CUST-20071,Riya Patel,Salaried,Online,Delhi,284000,60,20-07-2026,Complete,0,Passed,633,Approved,Sneha Kulkarni,Arvind Sethi,Approved,01-08-2026,12.6,04-08-2026,Disbursed,
LN-100073,CUST-20072,Myra Chauhan,Self-Employed,Online,Delhi,182000,24,24-05-2026,Incomplete - Pending,1,Passed,864,Not Completed,Nikhil Shah,,Abandoned,,,,Abandoned,
LN-100074,CUST-20073,Manish Nair,Salaried,Branch,Ahmedabad,1449000,12,21-07-2026,Complete,0,Passed,814,Rejected,Amit Verma,Arvind Sethi,Rejected,27-07-2026,6.4,,Rejected,
LN-100075,CUST-20074,Aarav Agarwal,Salaried,Online,Delhi,1106000,24,09-05-2026,Complete,0,Passed,681,Approved,Sneha Kulkarni,Sameer Joshi,Approved,23-05-2026,14.5,24-05-2026,Disbursed,
LN-100076,CUST-20075,Ananya Malhotra,Salaried,Online,Nashik,103000,24,05-08-2026,Complete,0,Passed,796,Rejected,Amit Verma,Rajeev Malhotra,Rejected,07-08-2026,2,,Rejected,
LN-100077,CUST-20076,Deepak Rao,Salaried,Online,Delhi,1395000,24,14-05-2026,Complete,1,Passed,809,Approved,Priya Nair,Arvind Sethi,Approved,24-05-2026,10.5,26-05-2026,Disbursed,
LN-100078,CUST-20077,Priya Sharma,Business Owner,Branch,Ahmedabad,217000,24,21-04-2026,Complete,0,Passed,702,Rejected,Sneha Kulkarni,Sameer Joshi,Rejected,27-04-2026,6,,Rejected,
LN-100079,CUST-20078,Rajesh Iyer,Self-Employed,Online,Nashik,998000,48,13-08-2026,Complete,1,Passed,577,Rejected,Amit Verma,Sameer Joshi,Rejected,17-08-2026,4.7,,Rejected,
LN-100080,CUST-20079,Deepak Shah,Business Owner,Online,Hyderabad,1353000,12,16-03-2026,Complete,1,Passed,818,Approved,Kavya Reddy,Arvind Sethi,Approved,27-03-2026,11.7,28-03-2026,Disbursed,
LN-100081,CUST-20080,Nikhil Nair,Salaried,Online,Pune,591000,12,15-07-2026,Complete,1,Passed,753,Approved,Priya Nair,Rajeev Malhotra,Approved,20-07-2026,5.2,23-07-2026,Disbursed,
LN-100082,CUST-20081,Ritu Kulkarni,Salaried,Branch,Hyderabad,363000,24,11-03-2026,Complete,0,Passed,727,Approved,Nikhil Shah,Rajeev Malhotra,Approved,19-03-2026,8,20-03-2026,Disbursed,
LN-100083,CUST-20082,Saanvi Shah,Salaried,Online,Ahmedabad,1134000,12,10-05-2026,Complete,0,Failed,699,Not Completed,Sneha Kulkarni,Sameer Joshi,Rejected,21-05-2026,11.4,,Rejected,
LN-100084,CUST-20083,Saanvi Malhotra,Salaried,Online,Bengaluru,1644000,24,11-07-2026,Complete,2,Failed,656,Not Completed,Rohan Deshmukh,Rajeev Malhotra,Rejected,16-07-2026,5.2,,Rejected,
LN-100085,CUST-20084,Priya Kumar,Salaried,Online,Hyderabad,1429000,24,25-05-2026,Complete,0,Passed,732,Rejected,Amit Verma,Sameer Joshi,Rejected,07-06-2026,13.9,,Rejected,
LN-100086,CUST-20085,Kavita Mehta,Salaried,Branch,Mumbai,963000,48,05-02-2026,Incomplete - Pending,1,Passed,693,Not Completed,Nikhil Shah,,Abandoned,,,,Abandoned,
LN-100087,CUST-20086,Swati Gupta,Salaried,Online,Ahmedabad,1872000,24,20-08-2026,Complete,1,Passed,719,Approved,Nikhil Shah,Sameer Joshi,Approved,27-08-2026,7.9,28-08-2026,Disbursed,
LN-100088,CUST-20087,Riya Reddy,Salaried,Online,Bengaluru,1613000,48,05-01-2026,Complete,0,Failed,798,Not Completed,Nikhil Shah,Sameer Joshi,Rejected,18-01-2026,13.2,,Rejected,
LN-100089,CUST-20088,Ira Gupta,Salaried,Online,Delhi,1549000,24,21-03-2026,Complete,1,Passed,591,Rejected,Kavya Reddy,Sameer Joshi,Rejected,04-04-2026,14,,Rejected,
LN-100090,CUST-20089,Navya Kumar,Salaried,Online,Ahmedabad,1839000,12,21-03-2026,Complete,0,Pending,728,Not Completed,Priya Nair,,Abandoned,,,,Abandoned,
LN-100091,CUST-20090,Vihaan Sharma,Self-Employed,Online,Pune,419000,12,08-02-2026,Complete,0,Passed,532,Rejected,Rohan Deshmukh,Rajeev Malhotra,Rejected,16-02-2026,8.7,,Rejected,
LN-100092,CUST-20091,Vikram Singh,Self-Employed,Online,Bengaluru,1525000,48,22-04-2026,Complete,0,Passed,514,Approved,Sneha Kulkarni,Sameer Joshi,Approved,02-05-2026,10.7,03-05-2026,Disbursed,
LN-100093,CUST-20092,Anika Kulkarni,Salaried,Online,Ahmedabad,441000,36,05-08-2026,Complete,2,Passed,700,Approved,Sneha Kulkarni,Sameer Joshi,Approved,10-08-2026,5.4,13-08-2026,Disbursed,
LN-100094,CUST-20093,Deepak Mehta,Self-Employed,Online,Delhi,150000,36,16-01-2026,Complete,0,Passed,608,Approved,Sneha Kulkarni,Arvind Sethi,Approved,20-01-2026,4.1,21-01-2026,Disbursed,
LN-100095,CUST-20094,Rahul Gupta,Self-Employed,Online,Pune,1704000,12,30-03-2026,Complete,1,Passed,589,Approved,Priya Nair,Rajeev Malhotra,Approved,07-04-2026,8.7,10-04-2026,Disbursed,
LN-100096,CUST-20095,Aadhya Kumar,Self-Employed,Branch,Pune,1391000,12,23-02-2026,Incomplete - Pending,0,Passed,615,Not Completed,Sneha Kulkarni,,Abandoned,,,,Abandoned,
LN-100097,CUST-20096,Ishaan Joshi,Salaried,Branch,Pune,750000,24,08-08-2026,Complete,1,Passed,660,Approved,Amit Verma,Arvind Sethi,Approved,12-08-2026,4.8,13-08-2026,Disbursed,
LN-100098,CUST-20097,Shalini Agarwal,Self-Employed,Online,Mumbai,1993000,36,15-01-2026,Complete,2,Passed,741,Review Required,Priya Nair,Sameer Joshi,Rejected,22-01-2026,7.4,,Rejected,
LN-100099,CUST-20098,Amit Iyer,Business Owner,Branch,Hyderabad,855000,48,20-05-2026,Incomplete - Pending,0,Pending,702,Not Completed,Amit Verma,,Abandoned,,,,Abandoned,
LN-100100,CUST-20099,Saanvi Kulkarni,Salaried,Online,Delhi,820000,60,10-07-2026,Complete,0,Passed,686,Approved,Nikhil Shah,Arvind Sethi,Approved,16-07-2026,6.6,17-07-2026,Disbursed,
LN-100101,CUST-20100,Aditya Rao,Salaried,Branch,Bengaluru,1473000,60,05-04-2026,Complete,1,Passed,763,Approved,Kavya Reddy,Arvind Sethi,Approved,16-04-2026,11.3,18-04-2026,Disbursed,
LN-100102,CUST-20101,Swati Chauhan,Business Owner,Online,Delhi,1959000,12,28-05-2026,Incomplete - Pending,0,Passed,829,Not Completed,Priya Nair,,Abandoned,,,,Abandoned,
LN-100103,CUST-20102,Ishaan Iyer,Salaried,Online,Ahmedabad,728000,60,27-07-2026,Incomplete - Pending,0,Pending,860,Not Completed,Nikhil Shah,,Abandoned,,,,Abandoned,
LN-100104,CUST-20103,Sandeep Kumar,Business Owner,Online,Ahmedabad,1717000,12,09-08-2026,Incomplete - Pending,0,Pending,704,Not Completed,Amit Verma,,Abandoned,,,,Abandoned,
LN-100105,CUST-20104,Nikhil Pillai,Self-Employed,Online,Ahmedabad,802000,12,11-04-2026,Complete,1,Passed,605,Approved,Nikhil Shah,Rajeev Malhotra,Approved,26-04-2026,15.1,28-04-2026,Disbursed,
LN-100106,CUST-20105,Suresh Mehta,Self-Employed,Branch,Mumbai,1601000,48,05-02-2026,Incomplete - Pending,0,Pending,777,Not Completed,Priya Nair,,Abandoned,,,,Abandoned,
LN-100107,CUST-20106,Krishna Verma,Business Owner,Online,Mumbai,1637000,36,19-08-2026,Complete,1,Passed,737,Approved,Amit Verma,Arvind Sethi,Approved,29-08-2026,10.6,,Approved - Pending Disbursement,
LN-100108,CUST-20107,Shalini Kulkarni,Self-Employed,Branch,Nashik,1091000,60,05-04-2026,Incomplete - Pending,1,Passed,744,Not Completed,Priya Nair,,Abandoned,,,,Abandoned,
LN-100109,CUST-20108,Rajesh Reddy,Business Owner,Online,Chennai,854000,48,18-04-2026,Incomplete - Pending,0,Passed,773,Not Completed,Rohan Deshmukh,,Abandoned,,,,Abandoned,
LN-100110,CUST-20109,Shalini Kulkarni,Self-Employed,Online,Hyderabad,341000,60,28-05-2026,Complete,0,Passed,571,Rejected,Nikhil Shah,Sameer Joshi,Rejected,06-06-2026,9.8,,Rejected,
LN-100111,CUST-20110,Shalini Nair,Salaried,Online,Chennai,1738000,24,10-03-2026,Complete,0,Pending,707,Not Completed,Sneha Kulkarni,,Abandoned,,,,Abandoned,
LN-100112,CUST-20111,Sneha Desai,Salaried,Branch,Hyderabad,491000,24,19-08-2026,Complete,2,Passed,748,Approved,Sneha Kulkarni,Arvind Sethi,Approved,27-08-2026,8.2,28-08-2026,Disbursed,
LN-100113,CUST-20112,Sandeep Rao,Salaried,Online,Ahmedabad,1613000,24,02-05-2026,Complete,1,Passed,878,Approved,Kavya Reddy,Arvind Sethi,Approved,08-05-2026,6.5,11-05-2026,Disbursed,
LN-100114,CUST-20113,Aadhya Agarwal,Salaried,Branch,Bengaluru,709000,12,05-06-2026,Complete,0,Passed,627,Approved,Priya Nair,Arvind Sethi,Approved,13-06-2026,8.3,15-06-2026,Disbursed,
LN-100115,CUST-20114,Rahul Sharma,Salaried,Online,Bengaluru,288000,36,03-05-2026,Complete,0,Passed,646,Approved,Sneha Kulkarni,Sameer Joshi,Returned for Review,11-05-2026,8.7,,Returned for Review,
LN-100116,CUST-20115,Ira Iyer,Salaried,Branch,Ahmedabad,1622000,60,20-06-2026,Complete,0,Passed,668,Approved,Amit Verma,Rajeev Malhotra,Approved,29-06-2026,9.5,,Approved - Pending Disbursement,
LN-100117,CUST-20116,Rajesh Rao,Salaried,Online,Pune,1060000,12,24-06-2026,Incomplete - Pending,1,Pending,591,Not Completed,Amit Verma,,Abandoned,,,,Abandoned,
LN-100118,CUST-20117,Ishaan Kumar,Salaried,Branch,Ahmedabad,289000,60,10-07-2026,Complete,0,Passed,836,Approved,Priya Nair,Rajeev Malhotra,Approved,20-07-2026,10.3,22-07-2026,Disbursed,
LN-100119,CUST-20118,Pooja Patel,Salaried,Branch,Delhi,341000,48,12-05-2026,Complete,0,Passed,614,Approved,Priya Nair,Sameer Joshi,Approved,23-05-2026,11.5,25-05-2026,Disbursed,
LN-100120,CUST-20119,Myra Gupta,Salaried,Branch,Mumbai,1466000,24,04-08-2026,Incomplete - Pending,0,Pending,859,Not Completed,Kavya Reddy,,Abandoned,,,,Abandoned,
LN-100121,CUST-20120,Ritu Kumar,Self-Employed,Online,Pune,1046000,48,03-06-2026,Complete,0,Passed,545,Approved,Amit Verma,Rajeev Malhotra,Approved,10-06-2026,7.8,12-06-2026,Disbursed,
LN-100122,CUST-20121,Navya Iyer,Salaried,Online,Delhi,1550000,36,03-06-2026,Complete,0,Passed,860,Rejected,Nikhil Shah,Sameer Joshi,Rejected,09-06-2026,6.2,,Rejected,
LN-100123,CUST-20122,Meera Gupta,Salaried,Branch,Pune,1662000,48,30-05-2026,Complete,0,Passed,557,Approved,Nikhil Shah,Rajeev Malhotra,Returned for Review,03-06-2026,4.2,,Returned for Review,
LN-100124,CUST-20123,Riya Verma,Self-Employed,Branch,Hyderabad,1505000,12,26-02-2026,Incomplete - Pending,2,Passed,688,Not Completed,Kavya Reddy,,Abandoned,,,,Abandoned,
LN-100125,CUST-20124,Shalini Singh,Business Owner,Branch,Nashik,916000,60,15-04-2026,Complete,1,Passed,702,Approved,Kavya Reddy,Rajeev Malhotra,Approved,20-04-2026,5.2,,Approved - Pending Disbursement,
LN-100126,CUST-20125,Vivaan Kumar,Salaried,Online,Mumbai,1558000,12,06-02-2026,Incomplete - Pending,0,Pending,570,Not Completed,Sneha Kulkarni,,Abandoned,,,,Abandoned,
LN-100127,CUST-20126,Deepak Malhotra,Self-Employed,Online,Mumbai,1967000,12,10-04-2026,Complete,0,Passed,725,Approved,Rohan Deshmukh,Rajeev Malhotra,Approved,22-04-2026,12.8,24-04-2026,Disbursed,
LN-100128,CUST-20127,Ira Kumar,Self-Employed,Online,Pune,1123000,60,01-06-2026,Incomplete - Pending,0,Pending,679,Not Completed,Rohan Deshmukh,,Abandoned,,,,Abandoned,
LN-100129,CUST-20128,Riya Chauhan,Salaried,Branch,Nashik,407000,48,02-06-2026,Complete,2,Passed,760,Approved,Priya Nair,Sameer Joshi,Approved,16-06-2026,14.3,17-06-2026,Disbursed,
LN-100130,CUST-20129,Karan Reddy,Salaried,Online,Hyderabad,402000,60,29-01-2026,Complete,1,Passed,777,Rejected,Kavya Reddy,Arvind Sethi,Rejected,08-02-2026,10.8,,Rejected,
LN-100131,CUST-20130,Diya Nair,Salaried,Online,Nashik,1377000,36,02-05-2026,Complete,1,Passed,685,Approved,Amit Verma,Rajeev Malhotra,Approved,12-05-2026,10.9,13-05-2026,Disbursed,
LN-100132,CUST-20131,Ira Pillai,Self-Employed,Online,Mumbai,1969000,24,27-03-2026,Incomplete - Pending,2,Passed,691,Not Completed,Amit Verma,,Abandoned,,,,Abandoned,
LN-100133,CUST-20132,Ira Reddy,Salaried,Online,Hyderabad,1012000,60,04-07-2026,Complete,0,Passed,681,Approved,Rohan Deshmukh,Rajeev Malhotra,Approved,10-07-2026,6.9,13-07-2026,Disbursed,
LN-100134,CUST-20133,Karan Iyer,Salaried,Branch,Hyderabad,1743000,48,12-01-2026,Complete,0,Passed,688,Rejected,Sneha Kulkarni,Rajeev Malhotra,Rejected,16-01-2026,4.8,,Rejected,
LN-100135,CUST-20134,Deepak Malhotra,Salaried,Online,Delhi,1580000,48,03-03-2026,Complete,2,Passed,560,Approved,Sneha Kulkarni,Sameer Joshi,Approved,05-03-2026,2,06-03-2026,Disbursed,
LN-100136,CUST-20135,Nikhil Joshi,Business Owner,Online,Mumbai,210000,24,18-08-2026,Complete,2,Passed,690,Approved,Amit Verma,Sameer Joshi,Approved,25-08-2026,7.5,26-08-2026,Disbursed,
LN-100137,CUST-20136,Anika Verma,Business Owner,Branch,Nashik,351000,36,15-07-2026,Complete,0,Passed,657,Approved,Priya Nair,Rajeev Malhotra,Approved,23-07-2026,8.5,24-07-2026,Disbursed,
LN-100138,CUST-20137,Ira Verma,Self-Employed,Branch,Mumbai,901000,12,29-06-2026,Complete,0,Passed,740,Rejected,Rohan Deshmukh,Sameer Joshi,Rejected,06-07-2026,7.4,,Rejected,
LN-100139,CUST-20138,Saanvi Agarwal,Self-Employed,Online,Mumbai,311000,24,21-08-2026,Complete,0,Passed,787,Approved,Amit Verma,Arvind Sethi,Approved,26-08-2026,5.9,29-08-2026,Disbursed,
LN-100140,CUST-20139,Karan Verma,Salaried,Online,Delhi,264000,60,25-02-2026,Complete,0,Passed,626,Approved,Kavya Reddy,Rajeev Malhotra,Approved,06-03-2026,9.4,09-03-2026,Disbursed,
LN-100141,CUST-20140,Swati Bhatt,Salaried,Online,Delhi,1997000,48,01-02-2026,Complete,0,Passed,707,Review Required,Priya Nair,Arvind Sethi,Rejected,14-02-2026,13.1,,Rejected,
LN-100142,CUST-20141,Krishna Nair,Salaried,Branch,Mumbai,1327000,36,31-03-2026,Complete,0,Passed,551,Approved,Kavya Reddy,Sameer Joshi,Approved,07-04-2026,7.4,08-04-2026,Disbursed,
LN-100143,CUST-20142,Saanvi Nair,Self-Employed,Branch,Mumbai,1821000,60,01-05-2026,Complete,2,Passed,703,Approved,Sneha Kulkarni,Rajeev Malhotra,Approved,10-05-2026,9.2,,Approved - Pending Disbursement,
LN-100144,CUST-20143,Divya Patel,Self-Employed,Online,Bengaluru,863000,60,20-03-2026,Complete,1,Passed,751,Review Required,Rohan Deshmukh,Arvind Sethi,Returned for Review,03-04-2026,14.2,,Returned for Review,
LN-100145,CUST-20144,Neha Pillai,Salaried,Online,Pune,253000,36,14-02-2026,Complete,0,Passed,717,Approved,Amit Verma,Arvind Sethi,Approved,21-02-2026,7.3,24-02-2026,Disbursed,
LN-100146,CUST-20145,Aditya Kumar,Self-Employed,Online,Mumbai,140000,60,19-03-2026,Incomplete - Pending,0,Pending,648,Not Completed,Rohan Deshmukh,,Abandoned,,,,Abandoned,
LN-100147,CUST-20146,Manish Sharma,Salaried,Online,Hyderabad,534000,36,10-06-2026,Complete,1,Passed,813,Review Required,Sneha Kulkarni,Rajeev Malhotra,Rejected,18-06-2026,8.5,,Rejected,
LN-100148,CUST-20147,Reyansh Malhotra,Self-Employed,Online,Mumbai,473000,36,15-08-2026,Complete,0,Passed,553,Approved,Nikhil Shah,Arvind Sethi,Approved,19-08-2026,4,22-08-2026,Disbursed,
LN-100149,CUST-20148,Aadhya Nair,Self-Employed,Online,Chennai,1575000,36,12-07-2026,Complete,0,Passed,743,Approved,Priya Nair,Sameer Joshi,Approved,20-07-2026,8.3,21-07-2026,Disbursed,
LN-100150,CUST-20149,Krishna Patel,Business Owner,Branch,Hyderabad,1256000,60,08-05-2026,Complete,2,Passed,749,Not Completed,Priya Nair,,Abandoned,,,,Abandoned,
LN-100151,CUST-20150,Rohan Pillai,Self-Employed,Branch,Nashik,1714000,12,27-05-2026,Incomplete - Pending,0,Pending,500,Not Completed,Sneha Kulkarni,,Abandoned,,,,Abandoned,
LN-100152,CUST-20151,Riya Gupta,Salaried,Online,Hyderabad,1135000,24,08-08-2026,Complete,0,Pending,618,Not Completed,Nikhil Shah,,Abandoned,,,,Abandoned,
LN-100153,CUST-20152,Rahul Shah,Salaried,Online,Chennai,818000,12,21-07-2026,Complete,2,Passed,645,Approved,Amit Verma,Arvind Sethi,Approved,23-07-2026,2.2,26-07-2026,Disbursed,
LN-100154,CUST-20153,Aadhya Joshi,Salaried,Online,Nashik,366000,24,03-05-2026,Complete,0,Passed,647,Approved,Sneha Kulkarni,Arvind Sethi,Approved,08-05-2026,5.4,11-05-2026,Disbursed,
LN-100155,CUST-20154,Diya Patel,Salaried,Online,Mumbai,190000,36,12-03-2026,Complete,0,Passed,692,Approved,Rohan Deshmukh,Arvind Sethi,Approved,21-03-2026,9.5,24-03-2026,Disbursed,
LN-100156,CUST-20155,Arjun Nair,Salaried,Online,Nashik,715000,24,01-07-2026,Complete,0,Passed,702,Approved,Kavya Reddy,Rajeev Malhotra,Approved,10-07-2026,9.8,11-07-2026,Disbursed,
LN-100157,CUST-20156,Sneha Bhatt,Salaried,Online,Mumbai,1551000,60,12-03-2026,Complete,2,Passed,724,Approved,Amit Verma,Arvind Sethi,Approved,19-03-2026,7.1,20-03-2026,Disbursed,
LN-100158,CUST-20157,Divya Gupta,Salaried,Online,Nashik,1073000,24,05-01-2026,Incomplete - Pending,0,Pending,842,Not Completed,Sneha Kulkarni,,Abandoned,,,,Abandoned,
LN-100159,CUST-20158,Amit Nair,Business Owner,Online,Ahmedabad,1945000,60,06-03-2026,Complete,0,Passed,694,Approved,Kavya Reddy,Rajeev Malhotra,Returned for Review,15-03-2026,9.9,,Returned for Review,
LN-100160,CUST-20159,Rohan Gupta,Salaried,Branch,Delhi,844000,36,20-02-2026,Complete,1,Passed,662,Approved,Sneha Kulkarni,Sameer Joshi,Approved,03-03-2026,11.3,04-03-2026,Disbursed,
LN-100161,CUST-20160,Kavita Verma,Salaried,Online,Bengaluru,915000,24,25-06-2026,Complete,0,Passed,602,Rejected,Priya Nair,Rajeev Malhotra,Rejected,04-07-2026,9.4,,Rejected,
LN-100162,CUST-20161,Swati Kumar,Self-Employed,Online,Bengaluru,1401000,60,28-04-2026,Complete,0,Passed,721,Approved,Sneha Kulkarni,Arvind Sethi,Approved,10-05-2026,12.3,11-05-2026,Disbursed,
LN-100163,CUST-20162,Swati Patel,Salaried,Branch,Hyderabad,162000,24,10-03-2026,Complete,0,Passed,597,Approved,Nikhil Shah,Arvind Sethi,Approved,20-03-2026,10.5,22-03-2026,Disbursed,
LN-100164,CUST-20163,Divya Rao,Salaried,Online,Ahmedabad,1873000,24,12-01-2026,Complete,1,Passed,715,Rejected,Kavya Reddy,Rajeev Malhotra,Rejected,21-01-2026,9.5,,Rejected,
LN-100165,CUST-20164,Saanvi Verma,Salaried,Online,Ahmedabad,946000,48,13-01-2026,Complete,0,Passed,642,Rejected,Priya Nair,Arvind Sethi,Rejected,26-01-2026,13.7,,Rejected,
LN-100166,CUST-20165,Vihaan Agarwal,Salaried,Branch,Pune,1352000,36,22-04-2026,Complete,0,Passed,739,Approved,Rohan Deshmukh,Rajeev Malhotra,Approved,01-05-2026,9.9,03-05-2026,Disbursed,
LN-100167,CUST-20166,Ira Singh,Salaried,Branch,Hyderabad,768000,48,16-05-2026,Complete,0,Passed,733,Rejected,Sneha Kulkarni,Rajeev Malhotra,Rejected,26-05-2026,10.2,,Rejected,
LN-100168,CUST-20167,Reyansh Patel,Salaried,Branch,Mumbai,1654000,24,20-05-2026,Complete,0,Passed,692,Approved,Priya Nair,Rajeev Malhotra,Approved,27-05-2026,7,29-05-2026,Disbursed,
LN-100169,CUST-20168,Rahul Singh,Self-Employed,Branch,Pune,859000,60,06-03-2026,Complete,0,Passed,748,Approved,Nikhil Shah,Rajeev Malhotra,Approved,12-03-2026,6.8,15-03-2026,Disbursed,
LN-100170,CUST-20169,Saanvi Malhotra,Salaried,Online,Ahmedabad,266000,60,31-01-2026,Complete,0,Passed,563,Approved,Amit Verma,Rajeev Malhotra,Approved,08-02-2026,8.2,10-02-2026,Disbursed,
LN-100171,CUST-20170,Rajesh Desai,Salaried,Online,Nashik,294000,24,21-05-2026,Complete,2,Passed,551,Approved,Amit Verma,Rajeev Malhotra,Approved,29-05-2026,8.8,31-05-2026,Disbursed,
LN-100172,CUST-20171,Sneha Verma,Salaried,Branch,Chennai,833000,12,19-02-2026,Complete,0,Passed,685,Approved,Rohan Deshmukh,Arvind Sethi,Approved,27-02-2026,8.6,,Approved - Pending Disbursement,
LN-100173,CUST-20172,Rahul Patel,Self-Employed,Branch,Ahmedabad,1450000,36,22-08-2026,Complete,0,Pending,778,Not Completed,Kavya Reddy,,Abandoned,,,,Abandoned,
LN-100174,CUST-20173,Vivaan Reddy,Self-Employed,Online,Bengaluru,1295000,60,27-05-2026,Complete,1,Pending,706,Not Completed,Amit Verma,,Abandoned,,,,Abandoned,
LN-100175,CUST-20174,Sneha Agarwal,Salaried,Branch,Chennai,1804000,24,17-06-2026,Complete,0,Passed,626,Approved,Kavya Reddy,Sameer Joshi,Returned for Review,23-06-2026,6.3,,Returned for Review,
LN-100176,CUST-20175,Rajesh Mehta,Salaried,Branch,Bengaluru,1418000,12,21-01-2026,Complete,0,Failed,640,Not Completed,Kavya Reddy,Sameer Joshi,Rejected,29-01-2026,8.9,,Rejected,
LN-100177,CUST-20176,Ira Kumar,Salaried,Branch,Delhi,1594000,36,14-05-2026,Complete,1,Passed,786,Approved,Sneha Kulkarni,Sameer Joshi,Approved,23-05-2026,9.6,24-05-2026,Disbursed,
LN-100178,CUST-20177,Arjun Agarwal,Salaried,Online,Hyderabad,161000,60,20-01-2026,Complete,0,Passed,750,Approved,Kavya Reddy,Sameer Joshi,Approved,04-02-2026,15.2,05-02-2026,Disbursed,
LN-100179,CUST-20178,Anika Joshi,Salaried,Online,Hyderabad,282000,48,22-02-2026,Incomplete - Pending,0,Pending,882,Not Completed,Nikhil Shah,,Abandoned,,,,Abandoned,
LN-100180,CUST-20179,Swati Singh,Self-Employed,Branch,Ahmedabad,1738000,48,17-07-2026,Complete,0,Passed,659,Approved,Rohan Deshmukh,Sameer Joshi,Approved,24-07-2026,7.8,25-07-2026,Disbursed,
LN-100181,CUST-20180,Rahul Malhotra,Salaried,Online,Ahmedabad,1895000,12,13-03-2026,Complete,1,Passed,704,Approved,Sneha Kulkarni,Sameer Joshi,Approved,23-03-2026,10.5,25-03-2026,Disbursed,
LN-100182,CUST-20181,Suresh Joshi,Salaried,Branch,Nashik,384000,60,26-07-2026,Complete,1,Passed,817,Approved,Amit Verma,Sameer Joshi,Approved,05-08-2026,10,06-08-2026,Disbursed,
LN-100183,CUST-20182,Divya Singh,Self-Employed,Branch,Nashik,1713000,36,25-03-2026,Complete,0,Failed,535,Not Completed,Kavya Reddy,Arvind Sethi,Rejected,02-04-2026,8.6,,Rejected,
LN-100184,CUST-20183,Krishna Reddy,Self-Employed,Online,Nashik,520000,48,14-06-2026,Complete,1,Passed,715,Approved,Kavya Reddy,Arvind Sethi,Returned for Review,24-06-2026,10.2,,Returned for Review,
LN-100185,CUST-20184,Suresh Bhatt,Salaried,Online,Ahmedabad,1844000,36,26-03-2026,Incomplete - Pending,0,Pending,789,Not Completed,Priya Nair,,Abandoned,,,,Abandoned,
LN-100186,CUST-20185,Priya Agarwal,Salaried,Online,Ahmedabad,1478000,12,20-01-2026,Complete,1,Passed,644,Approved,Nikhil Shah,Arvind Sethi,Approved,24-01-2026,4.3,,Approved - Pending Disbursement,
LN-100187,CUST-20186,Vikram Gupta,Salaried,Online,Chennai,822000,60,30-04-2026,Complete,0,Passed,567,Approved,Priya Nair,Rajeev Malhotra,Approved,07-05-2026,7.8,09-05-2026,Disbursed,
LN-100188,CUST-20187,Karan Shah,Self-Employed,Online,Hyderabad,1287000,60,09-05-2026,Complete,0,Passed,630,Approved,Kavya Reddy,Sameer Joshi,Approved,16-05-2026,7.5,17-05-2026,Disbursed,
LN-100189,CUST-20188,Deepak Malhotra,Self-Employed,Online,Hyderabad,662000,24,22-06-2026,Complete,1,Passed,513,Approved,Sneha Kulkarni,Sameer Joshi,Approved,29-06-2026,7.8,,Approved - Pending Disbursement,
LN-100190,CUST-20189,Anika Reddy,Salaried,Branch,Mumbai,742000,12,13-07-2026,Incomplete - Pending,1,Passed,708,Not Completed,Nikhil Shah,,Abandoned,,,,Abandoned,
LN-100191,CUST-20190,Priya Gupta,Business Owner,Online,Nashik,1332000,36,23-08-2026,Complete,1,Passed,759,Review Required,Amit Verma,Rajeev Malhotra,Returned for Review,30-08-2026,7.7,,Returned for Review,
LN-100192,CUST-20191,Diya Chauhan,Business Owner,Online,Nashik,206000,36,05-07-2026,Complete,0,Pending,779,Not Completed,Amit Verma,,Abandoned,,,,Abandoned,
LN-100193,CUST-20192,Myra Patel,Salaried,Online,Ahmedabad,508000,24,11-02-2026,Complete,0,Passed,805,Review Required,Kavya Reddy,Arvind Sethi,Returned for Review,21-02-2026,10.2,,Returned for Review,
LN-100194,CUST-20193,Ananya Desai,Self-Employed,Online,Bengaluru,1411000,36,08-01-2026,Complete,1,Passed,845,Approved,Nikhil Shah,Arvind Sethi,Approved,16-01-2026,8.8,19-01-2026,Disbursed,
LN-100195,CUST-20194,Rohan Patel,Salaried,Online,Bengaluru,944000,12,27-05-2026,Complete,0,Passed,639,Approved,Rohan Deshmukh,Rajeev Malhotra,Approved,29-05-2026,2.2,30-05-2026,Disbursed,
LN-100196,CUST-20195,Ananya Iyer,Salaried,Online,Bengaluru,1388000,12,27-06-2026,Complete,0,Pending,728,Not Completed,Kavya Reddy,,Abandoned,,,,Abandoned,
LN-100197,CUST-20196,Karan Rao,Self-Employed,Online,Nashik,1003000,60,31-03-2026,Complete,1,Passed,563,Approved,Amit Verma,Arvind Sethi,Approved,10-04-2026,10.9,11-04-2026,Disbursed,
LN-100198,CUST-20197,Myra Sharma,Salaried,Branch,Mumbai,415000,24,19-04-2026,Complete,1,Passed,743,Review Required,Nikhil Shah,Rajeev Malhotra,Approved,25-04-2026,6.4,28-04-2026,Disbursed,
LN-100199,CUST-20198,Swati Mehta,Salaried,Online,Ahmedabad,1092000,36,17-06-2026,Complete,0,Passed,661,Approved,Kavya Reddy,Rajeev Malhotra,Approved,27-06-2026,10.8,30-06-2026,Disbursed,
LN-100200,CUST-20199,Saanvi Agarwal,Salaried,Online,Pune,475000,24,23-07-2026,Complete,1,Passed,819,Approved,Nikhil Shah,Rajeev Malhotra,Approved,04-08-2026,12.8,06-08-2026,Disbursed,
LN-100201,CUST-20200,Aadhya Verma,Salaried,Branch,Pune,1218000,36,17-07-2026,Complete,0,Passed,694,Rejected,Nikhil Shah,Arvind Sethi,Rejected,30-07-2026,13.3,,Rejected,
LN-100202,CUST-20201,Krishna Shah,Self-Employed,Online,Chennai,644000,60,07-03-2026,Complete,1,Passed,706,Review Required,Rohan Deshmukh,Sameer Joshi,Rejected,13-03-2026,6.5,,Rejected,
LN-100203,CUST-20202,Pooja Rao,Salaried,Online,Chennai,496000,24,09-04-2026,Complete,0,Passed,783,Approved,Amit Verma,Arvind Sethi,Approved,18-04-2026,9.9,21-04-2026,Disbursed,
LN-100204,CUST-20203,Karan Verma,Self-Employed,Online,Pune,1267000,36,18-04-2026,Complete,0,Passed,668,Rejected,Sneha Kulkarni,Arvind Sethi,Rejected,24-04-2026,6.7,,Rejected,
LN-100205,CUST-20204,Aditya Joshi,Self-Employed,Online,Pune,391000,12,20-05-2026,Complete,0,Passed,687,Review Required,Kavya Reddy,Rajeev Malhotra,Rejected,29-05-2026,9.5,,Rejected,
LN-100206,CUST-20205,Aditya Malhotra,Business Owner,Online,Mumbai,415000,60,14-07-2026,Complete,1,Passed,673,Rejected,Nikhil Shah,Arvind Sethi,Rejected,22-07-2026,8.9,,Rejected,
LN-100207,CUST-20206,Sandeep Shah,Salaried,Online,Pune,536000,24,13-02-2026,Complete,0,Passed,723,Approved,Kavya Reddy,Rajeev Malhotra,Approved,26-02-2026,13.3,,Approved - Pending Disbursement,
LN-100208,CUST-20207,Aarav Nair,Salaried,Online,Bengaluru,578000,24,08-06-2026,Complete,1,Passed,672,Rejected,Sneha Kulkarni,Rajeev Malhotra,Rejected,15-06-2026,7.9,,Rejected,
LN-100209,CUST-20208,Aarav Shah,Self-Employed,Branch,Pune,1149000,24,22-05-2026,Complete,0,Passed,680,Rejected,Sneha Kulkarni,Arvind Sethi,Rejected,25-05-2026,3.5,,Rejected,
LN-100210,CUST-20209,Reyansh Kumar,Salaried,Online,Hyderabad,436000,24,03-07-2026,Complete,0,Passed,559,Approved,Rohan Deshmukh,Arvind Sethi,Approved,08-07-2026,5.1,11-07-2026,Disbursed,
LN-100211,CUST-20210,Rahul Kulkarni,Self-Employed,Online,Delhi,1340000,48,06-08-2026,Complete,0,Passed,768,Rejected,Amit Verma,Sameer Joshi,Rejected,14-08-2026,8.6,,Rejected,
LN-100212,CUST-20211,Pooja Pillai,Salaried,Online,Mumbai,1786000,12,16-01-2026,Complete,0,Passed,694,Approved,Amit Verma,Arvind Sethi,Approved,25-01-2026,9.7,26-01-2026,Disbursed,
LN-100213,CUST-20212,Myra Joshi,Self-Employed,Online,Mumbai,1455000,36,19-05-2026,Complete,1,Passed,686,Not Completed,Nikhil Shah,,Abandoned,,,,Abandoned,
LN-100214,CUST-20213,Vihaan Mehta,Self-Employed,Branch,Bengaluru,1391000,48,02-07-2026,Complete,0,Passed,896,Approved,Priya Nair,Arvind Sethi,Approved,05-07-2026,3.5,08-07-2026,Disbursed,
LN-100215,CUST-20214,Reyansh Sharma,Business Owner,Online,Nashik,895000,12,18-04-2026,Complete,0,Passed,570,Approved,Priya Nair,Arvind Sethi,Approved,29-04-2026,11.2,,Approved - Pending Disbursement,
LN-100216,CUST-20215,Shalini Pillai,Self-Employed,Online,Mumbai,517000,60,12-07-2026,Complete,0,Passed,554,Approved,Priya Nair,Sameer Joshi,Approved,23-07-2026,11,25-07-2026,Disbursed,
LN-100217,CUST-20216,Myra Desai,Self-Employed,Online,Nashik,1133000,36,30-06-2026,Complete,0,Passed,647,Approved,Rohan Deshmukh,Sameer Joshi,Approved,09-07-2026,9.5,11-07-2026,Disbursed,
LN-100218,CUST-20217,Riya Joshi,Self-Employed,Online,Delhi,1355000,60,15-04-2026,Complete,0,Passed,754,Approved,Nikhil Shah,Arvind Sethi,Approved,23-04-2026,8.4,24-04-2026,Disbursed,
LN-100219,CUST-20218,Swati Kumar,Self-Employed,Online,Nashik,131000,12,15-04-2026,Complete,0,Passed,654,Approved,Rohan Deshmukh,Sameer Joshi,Approved,22-04-2026,7.5,23-04-2026,Disbursed,
LN-100220,CUST-20219,Saanvi Joshi,Salaried,Branch,Delhi,146000,36,11-08-2026,Complete,0,Passed,617,Review Required,Kavya Reddy,Sameer Joshi,Approved,14-08-2026,3.9,,Approved - Pending Disbursement,
LN-100221,CUST-20220,Ishaan Malhotra,Salaried,Branch,Bengaluru,931000,60,17-03-2026,Complete,0,Failed,795,Not Completed,Priya Nair,Arvind Sethi,Rejected,28-03-2026,11.1,,Rejected,
LN-100222,CUST-20221,Ritu Rao,Self-Employed,Branch,Bengaluru,1081000,36,09-02-2026,Complete,0,Passed,778,Approved,Kavya Reddy,Arvind Sethi,Returned for Review,19-02-2026,10,,Returned for Review,
LN-100223,CUST-20222,Aarav Malhotra,Self-Employed,Branch,Mumbai,421000,36,05-03-2026,Complete,0,Passed,637,Approved,Kavya Reddy,Rajeev Malhotra,Approved,15-03-2026,10.8,18-03-2026,Disbursed,
LN-100224,CUST-20223,Deepak Joshi,Salaried,Branch,Chennai,121000,12,21-08-2026,Complete,0,Passed,594,Rejected,Priya Nair,Rajeev Malhotra,Rejected,02-09-2026,12.1,,Rejected,
LN-100225,CUST-20224,Aarav Pillai,Business Owner,Branch,Nashik,1575000,12,08-02-2026,Complete,0,Pending,668,Not Completed,Kavya Reddy,,Abandoned,,,,Abandoned,
LN-100226,CUST-20225,Rahul Patel,Business Owner,Branch,Hyderabad,1512000,36,31-01-2026,Complete,0,Passed,630,Approved,Rohan Deshmukh,Sameer Joshi,Approved,12-02-2026,12.5,,Approved - Pending Disbursement,
LN-100227,CUST-20226,Swati Reddy,Self-Employed,Online,Chennai,1449000,24,20-06-2026,Incomplete - Pending,0,Pending,699,Not Completed,Rohan Deshmukh,,Abandoned,,,,Abandoned,
LN-100228,CUST-20227,Karan Iyer,Salaried,Branch,Nashik,491000,48,25-05-2026,Complete,0,Passed,645,Approved,Kavya Reddy,Rajeev Malhotra,Approved,29-05-2026,4.9,01-06-2026,Disbursed,
LN-100229,CUST-20228,Karan Chauhan,Self-Employed,Branch,Pune,1516000,12,24-01-2026,Complete,0,Pending,667,Not Completed,Amit Verma,,Abandoned,,,,Abandoned,
LN-100230,CUST-20229,Vikram Iyer,Self-Employed,Branch,Hyderabad,1764000,48,02-07-2026,Complete,0,Passed,606,Approved,Nikhil Shah,Sameer Joshi,Approved,04-07-2026,2,05-07-2026,Disbursed,
LN-100231,CUST-20230,Anika Singh,Business Owner,Online,Chennai,818000,36,07-07-2026,Complete,0,Passed,641,Approved,Sneha Kulkarni,Sameer Joshi,Approved,22-07-2026,15.7,25-07-2026,Disbursed,
LN-100232,CUST-20231,Anika Kumar,Self-Employed,Online,Ahmedabad,839000,48,22-02-2026,Complete,0,Passed,637,Approved,Nikhil Shah,Sameer Joshi,Approved,02-03-2026,8.9,05-03-2026,Disbursed,
LN-100233,CUST-20232,Kavita Iyer,Self-Employed,Branch,Hyderabad,509000,36,08-03-2026,Complete,0,Passed,810,Approved,Kavya Reddy,Arvind Sethi,Approved,15-03-2026,7.6,16-03-2026,Disbursed,
LN-100234,CUST-20233,Kavya Joshi,Business Owner,Online,Nashik,1124000,48,27-01-2026,Complete,0,Passed,678,Approved,Nikhil Shah,Sameer Joshi,Approved,04-02-2026,8.3,06-02-2026,Disbursed,
LN-100235,CUST-20234,Pooja Agarwal,Salaried,Branch,Delhi,961000,48,11-05-2026,Complete,2,Failed,730,Not Completed,Sneha Kulkarni,Rajeev Malhotra,Rejected,25-05-2026,14,,Rejected,
LN-100236,CUST-20235,Ritu Sharma,Salaried,Branch,Bengaluru,589000,12,13-02-2026,Complete,2,Passed,758,Approved,Rohan Deshmukh,Sameer Joshi,Approved,24-02-2026,11,25-02-2026,Disbursed,
LN-100237,CUST-20236,Swati Singh,Salaried,Online,Pune,1231000,48,06-01-2026,Complete,0,Passed,690,Approved,Sneha Kulkarni,Rajeev Malhotra,Approved,14-01-2026,8,15-01-2026,Disbursed,
LN-100238,CUST-20237,Aditya Gupta,Salaried,Online,Pune,344000,48,13-06-2026,Complete,2,Passed,608,Not Completed,Priya Nair,,Abandoned,,,,Abandoned,
LN-100239,CUST-20238,Kavya Mehta,Salaried,Online,Hyderabad,173000,24,08-01-2026,Incomplete - Pending,2,Pending,734,Not Completed,Rohan Deshmukh,,Abandoned,,,,Abandoned,
LN-100240,CUST-20239,Aditya Shah,Business Owner,Branch,Pune,101000,12,23-05-2026,Complete,0,Passed,599,Review Required,Kavya Reddy,Sameer Joshi,Approved,30-05-2026,7.5,,Approved - Pending Disbursement,
LN-100241,CUST-20240,Shalini Bhatt,Self-Employed,Online,Mumbai,223000,48,27-02-2026,Complete,0,Failed,637,Not Completed,Priya Nair,Sameer Joshi,Rejected,06-03-2026,7.1,,Rejected,
LN-100242,CUST-20241,Rajesh Mehta,Self-Employed,Branch,Ahmedabad,343000,60,25-06-2026,Complete,0,Passed,694,Approved,Sneha Kulkarni,Rajeev Malhotra,Approved,30-06-2026,5.1,01-07-2026,Disbursed,
LN-100243,CUST-20242,Sai Malhotra,Salaried,Branch,Pune,470000,48,11-01-2026,Complete,0,Passed,634,Approved,Sneha Kulkarni,Rajeev Malhotra,Returned for Review,21-01-2026,10.9,,Returned for Review,
LN-100244,CUST-20243,Amit Agarwal,Business Owner,Online,Chennai,1333000,36,08-08-2026,Incomplete - Pending,0,Pending,646,Not Completed,Priya Nair,,Abandoned,,,,Abandoned,
LN-100245,CUST-20244,Aarav Pillai,Self-Employed,Branch,Hyderabad,1719000,48,04-03-2026,Complete,0,Passed,681,Rejected,Sneha Kulkarni,Sameer Joshi,Rejected,15-03-2026,11.9,,Rejected,
LN-100246,CUST-20245,Suresh Gupta,Self-Employed,Online,Mumbai,985000,12,14-03-2026,Incomplete - Pending,0,Pending,651,Not Completed,Amit Verma,,Abandoned,,,,Abandoned,
LN-100247,CUST-20246,Aarav Patel,Business Owner,Branch,Mumbai,774000,48,20-03-2026,Complete,2,Passed,727,Approved,Nikhil Shah,Arvind Sethi,Approved,01-04-2026,12.6,02-04-2026,Disbursed,
LN-100248,CUST-20247,Ira Patel,Self-Employed,Branch,Ahmedabad,1901000,36,10-06-2026,Complete,0,Passed,621,Approved,Priya Nair,Sameer Joshi,Approved,21-06-2026,11.4,22-06-2026,Disbursed,
LN-100249,CUST-20248,Sneha Joshi,Salaried,Branch,Ahmedabad,1550000,24,13-08-2026,Complete,0,Passed,690,Rejected,Nikhil Shah,Rajeev Malhotra,Rejected,20-08-2026,7.9,,Rejected,
LN-100250,CUST-20249,Krishna Iyer,Salaried,Branch,Ahmedabad,299000,48,08-06-2026,Incomplete - Pending,0,Pending,738,Not Completed,Priya Nair,,Abandoned,,,,Abandoned,
LN-100251,CUST-20250,Diya Sharma,Salaried,Branch,Nashik,1278000,48,23-06-2026,Complete,0,Passed,878,Approved,Amit Verma,Sameer Joshi,Approved,26-06-2026,3.9,29-06-2026,Disbursed,
LN-100252,CUST-20251,Kavya Singh,Business Owner,Online,Pune,189000,60,19-01-2026,Complete,0,Failed,664,Not Completed,Sneha Kulkarni,Arvind Sethi,Rejected,29-01-2026,10.9,,Rejected,
LN-100253,CUST-20252,Neha Desai,Salaried,Branch,Mumbai,1501000,60,28-01-2026,Complete,0,Passed,631,Approved,Kavya Reddy,Sameer Joshi,Approved,03-02-2026,6.5,04-02-2026,Disbursed,
LN-100254,CUST-20253,Sneha Malhotra,Salaried,Online,Bengaluru,1017000,24,14-06-2026,Complete,0,Passed,648,Approved,Priya Nair,Sameer Joshi,Approved,23-06-2026,9.5,25-06-2026,Disbursed,
LN-100255,CUST-20254,Myra Gupta,Salaried,Online,Delhi,1376000,60,08-07-2026,Incomplete - Pending,0,Pending,786,Not Completed,Nikhil Shah,,Abandoned,,,,Abandoned,
LN-100256,CUST-20255,Priya Kumar,Salaried,Online,Delhi,1876000,36,15-05-2026,Complete,0,Passed,655,Approved,Kavya Reddy,Arvind Sethi,Approved,19-05-2026,4.9,22-05-2026,Disbursed,
LN-100257,CUST-20256,Anika Patel,Salaried,Online,Bengaluru,168000,60,22-07-2026,Complete,0,Pending,735,Not Completed,Sneha Kulkarni,,Abandoned,,,,Abandoned,
LN-100258,CUST-20257,Rahul Sharma,Business Owner,Online,Pune,1363000,36,05-05-2026,Complete,0,Passed,619,Approved,Rohan Deshmukh,Sameer Joshi,Approved,13-05-2026,8.6,16-05-2026,Disbursed,
LN-100259,CUST-20258,Rohan Shah,Business Owner,Branch,Chennai,309000,12,14-06-2026,Complete,1,Passed,713,Rejected,Nikhil Shah,Sameer Joshi,Rejected,23-06-2026,9.4,,Rejected,
LN-100260,CUST-20259,Riya Reddy,Salaried,Online,Chennai,291000,48,06-06-2026,Complete,0,Passed,704,Rejected,Amit Verma,Arvind Sethi,Rejected,10-06-2026,4,,Rejected,
LN-100261,CUST-20260,Rajesh Verma,Business Owner,Online,Delhi,750000,24,06-06-2026,Complete,0,Passed,720,Not Completed,Sneha Kulkarni,,Abandoned,,,,Abandoned,
LN-100262,CUST-20261,Reyansh Shah,Self-Employed,Online,Bengaluru,951000,24,27-06-2026,Complete,0,Passed,658,Approved,Priya Nair,Sameer Joshi,Approved,29-06-2026,2,30-06-2026,Disbursed,
LN-100263,CUST-20262,Arjun Malhotra,Salaried,Online,Chennai,1537000,24,22-03-2026,Complete,0,Passed,577,Not Completed,Priya Nair,,Abandoned,,,,Abandoned,
LN-100264,CUST-20263,Suresh Singh,Business Owner,Branch,Ahmedabad,249000,48,05-03-2026,Complete,0,Passed,646,Approved,Sneha Kulkarni,Arvind Sethi,Approved,12-03-2026,7.6,,Approved - Pending Disbursement,
LN-100265,CUST-20264,Pooja Nair,Salaried,Online,Delhi,878000,24,13-05-2026,Complete,2,Passed,679,Approved,Kavya Reddy,Rajeev Malhotra,Approved,19-05-2026,6.9,21-05-2026,Disbursed,
LN-100266,CUST-20265,Suresh Gupta,Self-Employed,Online,Chennai,1603000,24,28-05-2026,Complete,0,Passed,576,Rejected,Sneha Kulkarni,Sameer Joshi,Rejected,06-06-2026,9.6,,Rejected,
LN-100267,CUST-20266,Rajesh Shah,Salaried,Online,Hyderabad,1810000,36,18-08-2026,Complete,0,Passed,700,Rejected,Amit Verma,Arvind Sethi,Rejected,05-09-2026,18.2,,Rejected,
LN-100268,CUST-20267,Suresh Iyer,Business Owner,Online,Pune,335000,60,02-03-2026,Complete,1,Passed,672,Rejected,Nikhil Shah,Arvind Sethi,Rejected,09-03-2026,7.1,,Rejected,
LN-100269,CUST-20268,Rahul Desai,Salaried,Branch,Hyderabad,1618000,36,22-08-2026,Complete,0,Passed,788,Approved,Sneha Kulkarni,Sameer Joshi,Approved,29-08-2026,7.5,30-08-2026,Disbursed,
LN-100270,CUST-20269,Diya Agarwal,Salaried,Online,Hyderabad,393000,24,16-03-2026,Complete,1,Passed,681,Approved,Kavya Reddy,Arvind Sethi,Returned for Review,20-03-2026,4.8,,Returned for Review,
LN-100271,CUST-20270,Reyansh Patel,Business Owner,Online,Chennai,1151000,24,25-03-2026,Complete,1,Passed,675,Approved,Rohan Deshmukh,Sameer Joshi,Approved,27-03-2026,2.4,28-03-2026,Disbursed,
LN-100272,CUST-20271,Ritu Malhotra,Business Owner,Online,Mumbai,1592000,60,08-01-2026,Complete,0,Passed,758,Approved,Sneha Kulkarni,Arvind Sethi,Approved,13-01-2026,5.3,15-01-2026,Disbursed,
LN-100273,CUST-20272,Riya Singh,Self-Employed,Branch,Nashik,1554000,48,07-07-2026,Complete,2,Passed,680,Rejected,Amit Verma,Rajeev Malhotra,Rejected,21-07-2026,14.5,,Rejected,
LN-100274,CUST-20273,Anika Singh,Self-Employed,Branch,Mumbai,1631000,36,25-01-2026,Complete,1,Failed,649,Not Completed,Sneha Kulkarni,Rajeev Malhotra,Rejected,02-02-2026,8.2,,Rejected,
LN-100275,CUST-20274,Suresh Singh,Salaried,Online,Ahmedabad,518000,36,10-08-2026,Incomplete - Pending,0,Pending,703,Not Completed,Amit Verma,,Abandoned,,,,Abandoned,
LN-100276,CUST-20275,Sai Reddy,Business Owner,Online,Bengaluru,1191000,48,17-04-2026,Complete,0,Passed,728,Approved,Sneha Kulkarni,Arvind Sethi,Approved,25-04-2026,8.1,28-04-2026,Disbursed,
LN-100277,CUST-20276,Neha Malhotra,Self-Employed,Online,Mumbai,460000,24,29-01-2026,Complete,0,Passed,783,Approved,Amit Verma,Arvind Sethi,Approved,10-02-2026,12.5,12-02-2026,Disbursed,
LN-100278,CUST-20277,Diya Shah,Self-Employed,Branch,Nashik,933000,12,09-06-2026,Complete,0,Passed,599,Approved,Kavya Reddy,Arvind Sethi,Approved,20-06-2026,11.5,21-06-2026,Disbursed,
LN-100279,CUST-20278,Kavita Verma,Salaried,Online,Chennai,1770000,36,18-01-2026,Complete,1,Passed,548,Approved,Nikhil Shah,Rajeev Malhotra,Approved,29-01-2026,11.3,30-01-2026,Disbursed,
LN-100280,CUST-20279,Vikram Malhotra,Self-Employed,Branch,Pune,170000,24,07-08-2026,Complete,0,Passed,696,Rejected,Kavya Reddy,Sameer Joshi,Rejected,15-08-2026,8,,Rejected,
LN-100281,CUST-20280,Reyansh Pillai,Salaried,Branch,Delhi,1546000,12,22-05-2026,Complete,0,Passed,588,Approved,Sneha Kulkarni,Sameer Joshi,Approved,25-05-2026,3.9,28-05-2026,Disbursed,
LN-100282,CUST-20281,Diya Singh,Salaried,Branch,Nashik,917000,48,28-07-2026,Incomplete - Pending,1,Pending,551,Not Completed,Sneha Kulkarni,,Abandoned,,,,Abandoned,
LN-100283,CUST-20282,Sandeep Chauhan,Self-Employed,Online,Delhi,449000,48,15-08-2026,Complete,1,Passed,703,Review Required,Nikhil Shah,Sameer Joshi,Rejected,26-08-2026,11.5,,Rejected,
LN-100284,CUST-20283,Nikhil Mehta,Business Owner,Online,Bengaluru,1472000,60,04-07-2026,Complete,0,Passed,592,Review Required,Kavya Reddy,Arvind Sethi,Rejected,11-07-2026,7.1,,Rejected,
LN-100285,CUST-20284,Vikram Bhatt,Business Owner,Branch,Mumbai,1002000,48,15-08-2026,Incomplete - Pending,0,Pending,768,Not Completed,Kavya Reddy,,Abandoned,,,,Abandoned,
LN-100286,CUST-20285,Arjun Shah,Salaried,Online,Hyderabad,688000,36,20-02-2026,Complete,0,Passed,725,Approved,Kavya Reddy,Arvind Sethi,Approved,23-02-2026,3.6,,Approved - Pending Disbursement,
LN-100287,CUST-20286,Reyansh Gupta,Salaried,Branch,Ahmedabad,695000,24,10-07-2026,Complete,0,Passed,645,Review Required,Priya Nair,Arvind Sethi,Returned for Review,19-07-2026,9.6,,Returned for Review,
LN-100288,CUST-20287,Suresh Kulkarni,Self-Employed,Online,Hyderabad,1049000,48,28-05-2026,Incomplete - Pending,2,Passed,693,Not Completed,Priya Nair,,Abandoned,,,,Abandoned,
LN-100289,CUST-20288,Myra Reddy,Business Owner,Online,Bengaluru,342000,60,26-03-2026,Incomplete - Pending,0,Pending,640,Not Completed,Priya Nair,,Abandoned,,,,Abandoned,
LN-100290,CUST-20289,Ishaan Reddy,Self-Employed,Online,Chennai,129000,24,04-02-2026,Incomplete - Pending,0,Pending,637,Not Completed,Priya Nair,,Abandoned,,,,Abandoned,
LN-100291,CUST-20290,Neha Desai,Business Owner,Online,Ahmedabad,1178000,60,05-02-2026,Complete,0,Passed,810,Approved,Rohan Deshmukh,Sameer Joshi,Approved,11-02-2026,6.8,13-02-2026,Disbursed,
LN-100292,CUST-20291,Nikhil Patel,Salaried,Online,Bengaluru,798000,36,12-03-2026,Complete,2,Passed,573,Approved,Rohan Deshmukh,Sameer Joshi,Approved,30-03-2026,18.2,31-03-2026,Disbursed,
LN-100293,CUST-20292,Rajesh Kulkarni,Salaried,Online,Delhi,637000,24,12-06-2026,Complete,0,Passed,681,Approved,Amit Verma,Arvind Sethi,Approved,17-06-2026,5.1,19-06-2026,Disbursed,
LN-100294,CUST-20293,Riya Reddy,Salaried,Branch,Pune,942000,48,07-03-2026,Complete,0,Passed,735,Approved,Rohan Deshmukh,Sameer Joshi,Approved,11-03-2026,4.9,,Approved - Pending Disbursement,
LN-100295,CUST-20294,Sandeep Joshi,Self-Employed,Branch,Mumbai,1278000,48,23-04-2026,Incomplete - Pending,0,Pending,551,Not Completed,Nikhil Shah,,Abandoned,,,,Abandoned,
LN-100296,CUST-20295,Ishaan Gupta,Salaried,Online,Ahmedabad,778000,48,06-05-2026,Complete,0,Passed,757,Rejected,Nikhil Shah,Rajeev Malhotra,Rejected,09-05-2026,3.9,,Rejected,
LN-100297,CUST-20296,Swati Nair,Salaried,Online,Pune,1018000,36,19-06-2026,Complete,0,Passed,778,Approved,Amit Verma,Rajeev Malhotra,Approved,27-06-2026,8.9,30-06-2026,Disbursed,
LN-100298,CUST-20297,Rohan Reddy,Salaried,Online,Nashik,1644000,36,28-07-2026,Complete,0,Passed,714,Approved,Kavya Reddy,Rajeev Malhotra,Approved,06-08-2026,9,09-08-2026,Disbursed,
LN-100299,CUST-20298,Amit Rao,Salaried,Branch,Chennai,1743000,60,14-02-2026,Complete,0,Passed,685,Approved,Sneha Kulkarni,Arvind Sethi,Approved,25-02-2026,11.1,27-02-2026,Disbursed,
LN-100300,CUST-20299,Rohan Reddy,Salaried,Online,Nashik,600000,36,25-03-2026,Incomplete - Pending,0,Pending,692,Not Completed,Sneha Kulkarni,,Abandoned,,,,Abandoned,
LN-100301,CUST-20300,Navya Chauhan,Business Owner,Branch,Mumbai,1512000,12,25-07-2026,Complete,0,Failed,667,Not Completed,Nikhil Shah,Sameer Joshi,Rejected,30-07-2026,5.4,,Rejected,
LN-100302,CUST-20301,Aditya Sharma,Business Owner,Online,Bengaluru,1368000,12,18-01-2026,Complete,0,Passed,745,Approved,Sneha Kulkarni,Arvind Sethi,Approved,23-01-2026,5.3,24-01-2026,Disbursed,
LN-100303,CUST-20302,Aditya Patel,Business Owner,Branch,Ahmedabad,1091000,48,19-02-2026,Incomplete - Pending,0,Pending,725,Not Completed,Amit Verma,,Abandoned,,,,Abandoned,
LN-100304,CUST-20303,Ishaan Mehta,Self-Employed,Branch,Delhi,117000,24,24-02-2026,Complete,0,Failed,750,Not Completed,Priya Nair,Arvind Sethi,Rejected,03-03-2026,7.2,,Rejected,
LN-100305,CUST-20304,Riya Shah,Salaried,Branch,Nashik,560000,12,09-06-2026,Complete,0,Pending,895,Not Completed,Priya Nair,,Abandoned,,,,Abandoned,
LN-100306,CUST-20305,Riya Kumar,Salaried,Branch,Nashik,1041000,48,09-02-2026,Incomplete - Pending,0,Pending,674,Not Completed,Rohan Deshmukh,,Abandoned,,,,Abandoned,
LN-100307,CUST-20306,Karan Singh,Salaried,Online,Bengaluru,1930000,12,21-03-2026,Complete,0,Passed,585,Review Required,Kavya Reddy,Rajeev Malhotra,Rejected,31-03-2026,10.3,,Rejected,
LN-100308,CUST-20307,Manish Desai,Business Owner,Online,Delhi,442000,24,03-07-2026,Complete,0,Passed,675,Approved,Amit Verma,Rajeev Malhotra,Approved,16-07-2026,13.2,18-07-2026,Disbursed,
LN-100309,CUST-20308,Suresh Patel,Business Owner,Online,Bengaluru,593000,48,02-03-2026,Complete,2,Passed,702,Rejected,Priya Nair,Rajeev Malhotra,Rejected,08-03-2026,6.5,,Rejected,
LN-100310,CUST-20309,Saanvi Chauhan,Salaried,Online,Nashik,850000,36,09-07-2026,Complete,0,Passed,620,Approved,Kavya Reddy,Rajeev Malhotra,Approved,18-07-2026,9.9,,Approved - Pending Disbursement,
LN-100311,CUST-20310,Krishna Agarwal,Self-Employed,Online,Delhi,1999000,12,27-01-2026,Complete,0,Passed,679,Approved,Priya Nair,Sameer Joshi,Approved,03-02-2026,7.2,06-02-2026,Disbursed,
LN-100312,CUST-20311,Ira Reddy,Business Owner,Online,Nashik,1272000,12,21-01-2026,Complete,1,Passed,645,Approved,Sneha Kulkarni,Sameer Joshi,Approved,31-01-2026,10,02-02-2026,Disbursed,
LN-100313,CUST-20312,Suresh Reddy,Salaried,Online,Ahmedabad,934000,36,24-04-2026,Complete,0,Passed,728,Approved,Rohan Deshmukh,Arvind Sethi,Approved,03-05-2026,9.7,06-05-2026,Disbursed,
LN-100314,CUST-20313,Karan Reddy,Self-Employed,Branch,Hyderabad,1220000,24,24-07-2026,Complete,2,Passed,629,Review Required,Amit Verma,Arvind Sethi,Approved,02-08-2026,9.8,05-08-2026,Disbursed,
LN-100315,CUST-20314,Navya Mehta,Business Owner,Online,Hyderabad,1584000,48,16-01-2026,Incomplete - Pending,0,Passed,686,Not Completed,Sneha Kulkarni,,Abandoned,,,,Abandoned,
LN-100316,CUST-20315,Reyansh Agarwal,Salaried,Online,Hyderabad,163000,12,03-04-2026,Complete,0,Passed,771,Approved,Sneha Kulkarni,Sameer Joshi,Approved,13-04-2026,10.4,15-04-2026,Disbursed,
LN-100317,CUST-20316,Ira Shah,Salaried,Online,Bengaluru,170000,12,11-06-2026,Complete,0,Passed,649,Approved,Sneha Kulkarni,Rajeev Malhotra,Approved,20-06-2026,9,21-06-2026,Disbursed,
LN-100318,CUST-20317,Anika Reddy,Salaried,Online,Mumbai,1442000,24,23-08-2026,Complete,0,Failed,661,Not Completed,Kavya Reddy,Rajeev Malhotra,Rejected,01-09-2026,9.4,,Rejected,
LN-100319,CUST-20318,Suresh Malhotra,Self-Employed,Branch,Ahmedabad,1428000,24,27-04-2026,Incomplete - Pending,0,Pending,664,Not Completed,Nikhil Shah,,Abandoned,,,,Abandoned,
LN-100320,CUST-20319,Pooja Nair,Self-Employed,Online,Chennai,1813000,24,23-08-2026,Complete,1,Pending,745,Not Completed,Amit Verma,,Abandoned,,,,Abandoned,
LN-100321,CUST-20320,Sneha Patel,Self-Employed,Online,Ahmedabad,1527000,24,18-02-2026,Complete,0,Passed,744,Approved,Amit Verma,Arvind Sethi,Approved,02-03-2026,12.8,03-03-2026,Disbursed,
LN-100322,CUST-20321,Suresh Joshi,Business Owner,Online,Nashik,990000,12,17-03-2026,Incomplete - Pending,0,Pending,780,Not Completed,Priya Nair,,Abandoned,,,,Abandoned,
LN-100323,CUST-20322,Shalini Mehta,Salaried,Online,Chennai,162000,36,23-06-2026,Complete,0,Passed,716,Approved,Kavya Reddy,Sameer Joshi,Approved,01-07-2026,8.5,02-07-2026,Disbursed,
LN-100324,CUST-20323,Navya Iyer,Self-Employed,Branch,Bengaluru,969000,60,18-03-2026,Complete,1,Passed,816,Approved,Priya Nair,Rajeev Malhotra,Approved,25-03-2026,7.4,26-03-2026,Disbursed,
LN-100325,CUST-20324,Sandeep Iyer,Business Owner,Branch,Bengaluru,1922000,48,29-07-2026,Complete,1,Passed,724,Rejected,Amit Verma,Rajeev Malhotra,Rejected,10-08-2026,12.6,,Rejected,
LN-100326,CUST-20325,Vivaan Agarwal,Business Owner,Online,Mumbai,1633000,48,24-07-2026,Complete,0,Passed,659,Approved,Nikhil Shah,Sameer Joshi,Approved,06-08-2026,13.1,09-08-2026,Disbursed,
LN-100327,CUST-20326,Sai Sharma,Salaried,Online,Ahmedabad,1995000,24,19-05-2026,Complete,0,Pending,780,Not Completed,Nikhil Shah,,Abandoned,,,,Abandoned,
LN-100328,CUST-20327,Riya Nair,Salaried,Online,Ahmedabad,1112000,24,13-06-2026,Complete,2,Passed,540,Approved,Rohan Deshmukh,Rajeev Malhotra,Approved,22-06-2026,9.2,,Approved - Pending Disbursement,
LN-100329,CUST-20328,Nikhil Sharma,Self-Employed,Branch,Bengaluru,1588000,60,11-03-2026,Complete,2,Passed,810,Rejected,Priya Nair,Rajeev Malhotra,Rejected,19-03-2026,8,,Rejected,
LN-100330,CUST-20329,Sandeep Sharma,Salaried,Branch,Bengaluru,1791000,36,20-03-2026,Complete,1,Passed,856,Approved,Priya Nair,Sameer Joshi,Approved,31-03-2026,11.5,03-04-2026,Disbursed,
LN-100331,CUST-20330,Ananya Sharma,Salaried,Online,Bengaluru,1642000,60,03-02-2026,Complete,2,Passed,632,Rejected,Amit Verma,Rajeev Malhotra,Rejected,12-02-2026,9.9,,Rejected,
LN-100332,CUST-20331,Sandeep Gupta,Salaried,Online,Bengaluru,198000,36,31-07-2026,Complete,0,Passed,553,Approved,Nikhil Shah,Rajeev Malhotra,Approved,14-08-2026,14,,Approved - Pending Disbursement,
LN-100333,CUST-20332,Deepak Mehta,Salaried,Online,Nashik,934000,12,20-06-2026,Complete,0,Passed,727,Approved,Sneha Kulkarni,Rajeev Malhotra,Approved,25-06-2026,5.7,26-06-2026,Disbursed,
LN-100334,CUST-20333,Rohan Sharma,Salaried,Branch,Pune,527000,24,24-04-2026,Incomplete - Pending,0,Pending,500,Not Completed,Amit Verma,,Abandoned,,,,Abandoned,
LN-100335,CUST-20334,Ritu Patel,Salaried,Online,Hyderabad,193000,24,11-05-2026,Incomplete - Pending,1,Passed,802,Not Completed,Sneha Kulkarni,,Abandoned,,,,Abandoned,
LN-100336,CUST-20335,Rahul Sharma,Salaried,Online,Ahmedabad,1231000,36,06-08-2026,Complete,0,Passed,700,Approved,Sneha Kulkarni,Rajeev Malhotra,Approved,08-08-2026,2,11-08-2026,Disbursed,
LN-100337,CUST-20336,Amit Bhatt,Salaried,Online,Nashik,646000,24,03-06-2026,Complete,0,Passed,624,Approved,Rohan Deshmukh,Sameer Joshi,Approved,07-06-2026,4.4,08-06-2026,Disbursed,
LN-100338,CUST-20337,Pooja Bhatt,Self-Employed,Branch,Chennai,1194000,12,16-05-2026,Complete,0,Passed,822,Rejected,Sneha Kulkarni,Sameer Joshi,Rejected,23-05-2026,7.7,,Rejected,
LN-100339,CUST-20338,Suresh Bhatt,Salaried,Online,Chennai,824000,36,28-04-2026,Complete,1,Passed,655,Approved,Kavya Reddy,Sameer Joshi,Approved,08-05-2026,10.9,11-05-2026,Disbursed,
LN-100340,CUST-20339,Vikram Joshi,Self-Employed,Online,Nashik,1341000,36,29-03-2026,Complete,0,Pending,856,Not Completed,Rohan Deshmukh,,Abandoned,,,,Abandoned,
LN-100341,CUST-20340,Meera Kumar,Business Owner,Branch,Nashik,1331000,12,14-01-2026,Complete,0,Passed,575,Approved,Priya Nair,Arvind Sethi,Approved,16-01-2026,2.2,19-01-2026,Disbursed,
LN-100342,CUST-20341,Rohan Rao,Salaried,Online,Hyderabad,438000,12,01-07-2026,Complete,0,Failed,669,Not Completed,Rohan Deshmukh,Sameer Joshi,Rejected,15-07-2026,14.3,,Rejected,
LN-100343,CUST-20342,Ananya Sharma,Salaried,Online,Pune,516000,60,26-01-2026,Complete,0,Passed,705,Approved,Kavya Reddy,Rajeev Malhotra,Approved,04-02-2026,9,05-02-2026,Disbursed,
LN-100344,CUST-20343,Arjun Joshi,Self-Employed,Online,Hyderabad,1767000,60,02-02-2026,Complete,0,Passed,814,Approved,Rohan Deshmukh,Sameer Joshi,Approved,08-02-2026,6.4,11-02-2026,Disbursed,
LN-100345,CUST-20344,Kavita Nair,Self-Employed,Online,Chennai,1936000,48,18-07-2026,Complete,1,Passed,758,Approved,Rohan Deshmukh,Sameer Joshi,Approved,22-07-2026,4.4,24-07-2026,Disbursed,
LN-100346,CUST-20345,Rajesh Patel,Salaried,Branch,Mumbai,156000,36,22-08-2026,Complete,0,Passed,588,Approved,Priya Nair,Arvind Sethi,Approved,27-08-2026,5.9,28-08-2026,Disbursed,
LN-100347,CUST-20346,Aarav Iyer,Salaried,Online,Chennai,1736000,48,05-05-2026,Complete,1,Passed,732,Rejected,Kavya Reddy,Sameer Joshi,Rejected,13-05-2026,8.3,,Rejected,
LN-100348,CUST-20347,Reyansh Mehta,Self-Employed,Branch,Chennai,1303000,36,06-08-2026,Incomplete - Pending,1,Passed,743,Not Completed,Amit Verma,,Abandoned,,,,Abandoned,
LN-100349,CUST-20348,Saanvi Chauhan,Salaried,Online,Bengaluru,243000,48,11-06-2026,Complete,2,Passed,720,Review Required,Nikhil Shah,Rajeev Malhotra,Rejected,20-06-2026,9.1,,Rejected,
LN-100350,CUST-20349,Krishna Malhotra,Salaried,Online,Ahmedabad,1486000,12,21-02-2026,Incomplete - Pending,0,Pending,674,Not Completed,Priya Nair,,Abandoned,,,,Abandoned,
LN-100351,CUST-20350,Divya Joshi,Business Owner,Online,Ahmedabad,794000,48,26-06-2026,Incomplete - Pending,0,Passed,786,Not Completed,Rohan Deshmukh,,Abandoned,,,,Abandoned,
LN-100352,CUST-20351,Aditya Kulkarni,Salaried,Branch,Bengaluru,644000,36,05-02-2026,Complete,0,Pending,801,Not Completed,Amit Verma,,Abandoned,,,,Abandoned,
LN-100353,CUST-20352,Kavya Reddy,Self-Employed,Online,Nashik,1752000,24,25-04-2026,Complete,0,Passed,688,Approved,Rohan Deshmukh,Rajeev Malhotra,Approved,03-05-2026,8.4,05-05-2026,Disbursed,
LN-100354,CUST-20353,Reyansh Gupta,Salaried,Branch,Nashik,101000,12,24-04-2026,Complete,2,Passed,626,Approved,Sneha Kulkarni,Sameer Joshi,Approved,04-05-2026,10.1,06-05-2026,Disbursed,
LN-100355,CUST-20354,Sai Kulkarni,Salaried,Online,Nashik,874000,60,30-01-2026,Complete,0,Passed,779,Approved,Priya Nair,Sameer Joshi,Approved,13-02-2026,14.9,15-02-2026,Disbursed,
LN-100356,CUST-20355,Swati Joshi,Business Owner,Branch,Chennai,399000,36,17-03-2026,Incomplete - Pending,1,Pending,725,Not Completed,Nikhil Shah,,Abandoned,,,,Abandoned,
LN-100357,CUST-20356,Diya Agarwal,Business Owner,Branch,Hyderabad,749000,48,24-03-2026,Complete,0,Passed,724,Approved,Kavya Reddy,Rajeev Malhotra,Approved,30-03-2026,6.3,02-04-2026,Disbursed,
LN-100358,CUST-20357,Anika Kulkarni,Salaried,Online,Mumbai,1097000,60,03-07-2026,Complete,0,Passed,740,Approved,Nikhil Shah,Arvind Sethi,Approved,14-07-2026,11.9,15-07-2026,Disbursed,
LN-100359,CUST-20358,Aadhya Iyer,Salaried,Online,Hyderabad,927000,60,17-04-2026,Complete,0,Passed,794,Approved,Amit Verma,Rajeev Malhotra,Approved,26-04-2026,9,27-04-2026,Disbursed,
LN-100360,CUST-20359,Priya Verma,Salaried,Online,Pune,592000,12,25-05-2026,Complete,2,Passed,666,Rejected,Priya Nair,Sameer Joshi,Rejected,31-05-2026,6,,Rejected,
LN-100361,CUST-20360,Priya Kulkarni,Salaried,Branch,Pune,1312000,36,22-02-2026,Incomplete - Pending,0,Pending,847,Not Completed,Sneha Kulkarni,,Abandoned,,,,Abandoned,
LN-100362,CUST-20361,Neha Rao,Salaried,Branch,Hyderabad,571000,36,11-01-2026,Complete,2,Passed,500,Approved,Sneha Kulkarni,Sameer Joshi,Returned for Review,25-01-2026,14.1,,Returned for Review,
LN-100363,CUST-20362,Rahul Malhotra,Business Owner,Online,Bengaluru,406000,36,10-06-2026,Incomplete - Pending,0,Pending,681,Not Completed,Rohan Deshmukh,,Abandoned,,,,Abandoned,
LN-100364,CUST-20363,Nikhil Sharma,Salaried,Branch,Hyderabad,242000,36,14-04-2026,Complete,1,Failed,570,Not Completed,Kavya Reddy,Sameer Joshi,Rejected,26-04-2026,12,,Rejected,
LN-100365,CUST-20364,Ishaan Mehta,Business Owner,Online,Mumbai,705000,48,27-06-2026,Incomplete - Pending,0,Passed,691,Not Completed,Priya Nair,,Abandoned,,,,Abandoned,
LN-100366,CUST-20365,Suresh Kumar,Salaried,Online,Mumbai,1390000,60,14-05-2026,Incomplete - Pending,0,Passed,650,Not Completed,Kavya Reddy,,Abandoned,,,,Abandoned,
LN-100367,CUST-20366,Vihaan Nair,Self-Employed,Online,Delhi,1200000,12,05-05-2026,Complete,2,Passed,640,Approved,Nikhil Shah,Arvind Sethi,Approved,17-05-2026,12.7,19-05-2026,Disbursed,
LN-100368,CUST-20367,Rajesh Nair,Self-Employed,Online,Pune,1963000,36,14-03-2026,Complete,0,Passed,635,Approved,Sneha Kulkarni,Arvind Sethi,Approved,26-03-2026,12.8,29-03-2026,Disbursed,
LN-100369,CUST-20368,Suresh Chauhan,Salaried,Branch,Hyderabad,333000,60,10-02-2026,Complete,0,Passed,695,Approved,Sneha Kulkarni,Arvind Sethi,Approved,15-02-2026,5.8,18-02-2026,Disbursed,
LN-100370,CUST-20369,Neha Sharma,Self-Employed,Online,Mumbai,706000,12,24-07-2026,Complete,0,Passed,771,Approved,Priya Nair,Sameer Joshi,Approved,01-08-2026,8.8,02-08-2026,Disbursed,
LN-100371,CUST-20370,Kavita Kulkarni,Salaried,Branch,Delhi,551000,24,17-04-2026,Complete,0,Passed,720,Approved,Sneha Kulkarni,Arvind Sethi,Approved,26-04-2026,9.7,27-04-2026,Disbursed,
LN-100372,CUST-20371,Anika Malhotra,Salaried,Online,Pune,1544000,48,28-03-2026,Complete,1,Pending,620,Not Completed,Sneha Kulkarni,,Abandoned,,,,Abandoned,
LN-100373,CUST-20372,Saanvi Kumar,Salaried,Online,Bengaluru,610000,48,14-06-2026,Complete,0,Passed,631,Approved,Priya Nair,Sameer Joshi,Approved,27-06-2026,13.1,28-06-2026,Disbursed,
LN-100374,CUST-20373,Rajesh Pillai,Business Owner,Branch,Bengaluru,573000,48,20-04-2026,Complete,0,Failed,500,Not Completed,Rohan Deshmukh,Sameer Joshi,Rejected,26-04-2026,6.4,,Rejected,
LN-100375,CUST-20374,Pooja Rao,Self-Employed,Online,Chennai,293000,36,22-08-2026,Complete,0,Passed,732,Approved,Sneha Kulkarni,Sameer Joshi,Approved,29-08-2026,7.7,01-09-2026,Disbursed,
LN-100376,CUST-20375,Amit Agarwal,Self-Employed,Online,Pune,576000,36,31-05-2026,Complete,1,Passed,713,Approved,Kavya Reddy,Arvind Sethi,Approved,04-06-2026,4.8,,Approved - Pending Disbursement,
LN-100377,CUST-20376,Amit Mehta,Self-Employed,Online,Hyderabad,1620000,48,06-06-2026,Complete,1,Failed,548,Not Completed,Kavya Reddy,Rajeev Malhotra,Rejected,12-06-2026,6.6,,Rejected,
LN-100378,CUST-20377,Rohan Nair,Salaried,Branch,Hyderabad,1376000,48,25-02-2026,Complete,0,Passed,714,Approved,Priya Nair,Arvind Sethi,Approved,06-03-2026,9.1,07-03-2026,Disbursed,
LN-100379,CUST-20378,Sandeep Desai,Salaried,Branch,Chennai,1758000,60,20-05-2026,Complete,0,Passed,681,Approved,Priya Nair,Arvind Sethi,Approved,28-05-2026,8.5,29-05-2026,Disbursed,
LN-100380,CUST-20379,Saanvi Gupta,Self-Employed,Branch,Pune,484000,60,04-03-2026,Complete,1,Passed,707,Approved,Priya Nair,Rajeev Malhotra,Approved,09-03-2026,5.4,11-03-2026,Disbursed,
LN-100381,CUST-20380,Sandeep Desai,Salaried,Online,Pune,1557000,48,12-02-2026,Complete,1,Passed,677,Approved,Amit Verma,Arvind Sethi,Approved,20-02-2026,8.7,23-02-2026,Disbursed,
LN-100382,CUST-20381,Deepak Agarwal,Salaried,Online,Mumbai,1590000,36,28-04-2026,Complete,2,Passed,724,Approved,Amit Verma,Rajeev Malhotra,Approved,07-05-2026,9.3,09-05-2026,Disbursed,
LN-100383,CUST-20382,Deepak Mehta,Salaried,Branch,Hyderabad,1718000,12,15-01-2026,Complete,0,Passed,728,Rejected,Rohan Deshmukh,Arvind Sethi,Rejected,24-01-2026,9,,Rejected,
LN-100384,CUST-20383,Sai Kumar,Salaried,Branch,Bengaluru,856000,36,03-03-2026,Incomplete - Pending,1,Pending,586,Not Completed,Amit Verma,,Abandoned,,,,Abandoned,
LN-100385,CUST-20384,Rohan Iyer,Salaried,Online,Bengaluru,1142000,24,18-01-2026,Incomplete - Pending,0,Pending,720,Not Completed,Amit Verma,,Abandoned,,,,Abandoned,
LN-100386,CUST-20385,Kavya Patel,Business Owner,Online,Ahmedabad,1284000,12,28-03-2026,Complete,0,Passed,728,Review Required,Rohan Deshmukh,Arvind Sethi,Approved,06-04-2026,9,08-04-2026,Disbursed,
LN-100387,CUST-20386,Sai Patel,Self-Employed,Branch,Pune,887000,36,15-04-2026,Complete,2,Passed,720,Review Required,Sneha Kulkarni,Rajeev Malhotra,Approved,22-04-2026,7.9,24-04-2026,Disbursed,
LN-100388,CUST-20387,Sneha Joshi,Salaried,Online,Nashik,1155000,12,13-06-2026,Complete,1,Passed,711,Approved,Amit Verma,Rajeev Malhotra,Approved,22-06-2026,9.8,25-06-2026,Disbursed,
LN-100389,CUST-20388,Reyansh Chauhan,Salaried,Online,Pune,763000,12,13-04-2026,Complete,2,Pending,694,Not Completed,Amit Verma,,Abandoned,,,,Abandoned,
LN-100390,CUST-20389,Swati Verma,Salaried,Online,Bengaluru,682000,12,15-04-2026,Complete,0,Passed,644,Review Required,Kavya Reddy,Arvind Sethi,Approved,25-04-2026,10.6,27-04-2026,Disbursed,
LN-100391,CUST-20390,Ishaan Joshi,Business Owner,Online,Delhi,1097000,12,28-02-2026,Complete,1,Passed,625,Review Required,Priya Nair,Sameer Joshi,Approved,06-03-2026,6.7,09-03-2026,Disbursed,
LN-100392,CUST-20391,Neha Iyer,Business Owner,Branch,Nashik,1351000,12,25-01-2026,Incomplete - Pending,0,Pending,792,Not Completed,Amit Verma,,Abandoned,,,,Abandoned,
LN-100393,CUST-20392,Ishaan Verma,Business Owner,Online,Pune,1052000,12,25-07-2026,Complete,1,Passed,730,Approved,Sneha Kulkarni,Rajeev Malhotra,Approved,06-08-2026,12.1,09-08-2026,Disbursed,
LN-100394,CUST-20393,Deepak Gupta,Salaried,Branch,Bengaluru,108000,12,01-05-2026,Complete,0,Pending,678,Not Completed,Sneha Kulkarni,,Abandoned,,,,Abandoned,
LN-100395,CUST-20394,Manish Joshi,Salaried,Online,Nashik,696000,36,26-06-2026,Complete,0,Passed,645,Approved,Amit Verma,Rajeev Malhotra,Approved,11-07-2026,15.3,14-07-2026,Disbursed,
LN-100396,CUST-20395,Divya Singh,Salaried,Branch,Pune,972000,24,13-02-2026,Incomplete - Pending,2,Pending,707,Not Completed,Nikhil Shah,,Abandoned,,,,Abandoned,
LN-100397,CUST-20396,Aditya Patel,Business Owner,Online,Ahmedabad,1196000,36,02-03-2026,Incomplete - Pending,0,Pending,740,Not Completed,Sneha Kulkarni,,Abandoned,,,,Abandoned,
LN-100398,CUST-20397,Kavya Patel,Salaried,Online,Ahmedabad,361000,12,06-01-2026,Complete,1,Passed,634,Approved,Priya Nair,Sameer Joshi,Approved,14-01-2026,8.6,16-01-2026,Disbursed,
LN-100399,CUST-20398,Arjun Shah,Self-Employed,Branch,Delhi,1948000,24,30-01-2026,Complete,0,Passed,713,Approved,Rohan Deshmukh,Sameer Joshi,Approved,06-02-2026,7.6,08-02-2026,Disbursed,
LN-100400,CUST-20399,Anika Singh,Self-Employed,Online,Bengaluru,1764000,60,24-05-2026,Complete,0,Passed,656,Rejected,Kavya Reddy,Arvind Sethi,Rejected,03-06-2026,10.7,,Rejected,
LN-100401,CUST-20400,Sneha Rao,Salaried,Branch,Ahmedabad,1752000,12,05-08-2026,Complete,1,Passed,826,Rejected,Sneha Kulkarni,Rajeev Malhotra,Rejected,13-08-2026,8.9,,Rejected,
LN-100402,CUST-20401,Ritu Mehta,Self-Employed,Branch,Bengaluru,1489000,48,15-08-2026,Incomplete - Pending,0,Passed,650,Not Completed,Nikhil Shah,,Abandoned,,,,Abandoned,
LN-100403,CUST-20402,Divya Malhotra,Self-Employed,Branch,Pune,1303000,36,10-05-2026,Complete,1,Failed,758,Not Completed,Nikhil Shah,Sameer Joshi,Rejected,25-05-2026,15.8,,Rejected,
LN-100404,CUST-20403,Ananya Chauhan,Self-Employed,Online,Nashik,1530000,48,07-05-2026,Complete,0,Passed,693,Approved,Sneha Kulkarni,Rajeev Malhotra,Approved,12-05-2026,5.8,13-05-2026,Disbursed,
LN-100405,CUST-20404,Diya Desai,Salaried,Branch,Bengaluru,176000,12,05-08-2026,Complete,0,Passed,745,Approved,Kavya Reddy,Sameer Joshi,Approved,12-08-2026,7.3,13-08-2026,Disbursed,
LN-100406,CUST-20405,Ritu Agarwal,Salaried,Online,Delhi,597000,48,11-03-2026,Complete,0,Passed,668,Rejected,Rohan Deshmukh,Sameer Joshi,Rejected,18-03-2026,7.4,,Rejected,
LN-100407,CUST-20406,Diya Malhotra,Salaried,Online,Pune,1446000,36,20-07-2026,Complete,1,Passed,774,Review Required,Rohan Deshmukh,Arvind Sethi,Returned for Review,01-08-2026,12.4,,Returned for Review,
LN-100408,CUST-20407,Manish Desai,Business Owner,Online,Chennai,1292000,36,22-03-2026,Complete,1,Passed,863,Review Required,Sneha Kulkarni,Arvind Sethi,Returned for Review,01-04-2026,10.3,,Returned for Review,
LN-100409,CUST-20408,Shalini Kumar,Self-Employed,Online,Delhi,144000,24,23-05-2026,Complete,0,Passed,900,Rejected,Priya Nair,Sameer Joshi,Rejected,31-05-2026,8.9,,Rejected,
LN-100410,CUST-20409,Ishaan Mehta,Salaried,Online,Hyderabad,1814000,48,14-08-2026,Complete,1,Pending,581,Not Completed,Rohan Deshmukh,,Abandoned,,,,Abandoned,
LN-100411,CUST-20410,Ishaan Mehta,Salaried,Online,Nashik,981000,12,15-04-2026,Complete,0,Passed,639,Approved,Rohan Deshmukh,Sameer Joshi,Approved,22-04-2026,7.1,23-04-2026,Disbursed,
LN-100412,CUST-20411,Sandeep Rao,Salaried,Branch,Chennai,1536000,24,01-05-2026,Complete,1,Passed,723,Approved,Kavya Reddy,Sameer Joshi,Approved,13-05-2026,12.2,16-05-2026,Disbursed,
LN-100413,CUST-20412,Vivaan Rao,Salaried,Online,Hyderabad,1592000,12,06-01-2026,Complete,2,Passed,749,Approved,Priya Nair,Arvind Sethi,Approved,19-01-2026,13,20-01-2026,Disbursed,
LN-100414,CUST-20413,Kavya Rao,Salaried,Online,Chennai,1006000,24,15-01-2026,Complete,0,Passed,685,Review Required,Nikhil Shah,Sameer Joshi,Approved,28-01-2026,13.5,31-01-2026,Disbursed,
LN-100415,CUST-20414,Deepak Reddy,Salaried,Branch,Nashik,1191000,36,27-06-2026,Incomplete - Pending,0,Pending,634,Not Completed,Nikhil Shah,,Abandoned,,,,Abandoned,
LN-100416,CUST-20415,Swati Desai,Salaried,Branch,Chennai,1528000,48,14-03-2026,Incomplete - Pending,1,Pending,790,Not Completed,Priya Nair,,Abandoned,,,,Abandoned,
LN-100417,CUST-20416,Nikhil Verma,Business Owner,Branch,Ahmedabad,1397000,12,03-02-2026,Complete,0,Passed,654,Approved,Priya Nair,Arvind Sethi,Approved,12-02-2026,9.2,13-02-2026,Disbursed,
LN-100418,CUST-20417,Ritu Agarwal,Salaried,Online,Ahmedabad,1294000,48,01-05-2026,Complete,0,Passed,723,Review Required,Rohan Deshmukh,Sameer Joshi,Approved,10-05-2026,9.2,11-05-2026,Disbursed,
LN-100419,CUST-20418,Sneha Gupta,Salaried,Branch,Delhi,1289000,24,26-07-2026,Complete,0,Passed,811,Approved,Priya Nair,Sameer Joshi,Approved,02-08-2026,7.1,04-08-2026,Disbursed,
LN-100420,CUST-20419,Arjun Kumar,Salaried,Branch,Ahmedabad,941000,12,28-05-2026,Complete,0,Passed,586,Review Required,Amit Verma,Sameer Joshi,Approved,07-06-2026,10.1,,Approved - Pending Disbursement,
